VariableName,Location
T14_19_0_0_chaiout_output,trials/T14_ant3HFM_body4NCO/19/0/0/chaiout/fixed.pdb
T14_18_0_0_chaiout_output,trials/T14_ant3HFM_body4NCO/18/0/0/chaiout/fixed.pdb
T14_18_0_1_chaiout_output,trials/T14_ant3HFM_body4NCO/18/0/1/chaiout/fixed.pdb
T14_29_0_0_chaiout_output,trials/T14_ant3HFM_body4NCO/29/0/0/chaiout/fixed.pdb
T14_7_0_0_chaiout_output,trials/T14_ant3HFM_body4NCO/7/0/0/chaiout/fixed.pdb
T14_7_0_1_chaiout_output,trials/T14_ant3HFM_body4NCO/7/0/1/chaiout/fixed.pdb
T14_14_0_0_chaiout_output,trials/T14_ant3HFM_body4NCO/14/0/0/chaiout/fixed.pdb
T14_14_0_1_chaiout_output,trials/T14_ant3HFM_body4NCO/14/0/1/chaiout/fixed.pdb
T14_4_0_0_chaiout_output,trials/T14_ant3HFM_body4NCO/4/0/0/chaiout/fixed.pdb
T14_4_0_1_chaiout_output,trials/T14_ant3HFM_body4NCO/4/0/1/chaiout/fixed.pdb
T14_17_0_0_chaiout_output,trials/T14_ant3HFM_body4NCO/17/0/0/chaiout/fixed.pdb
T14_17_0_1_chaiout_output,trials/T14_ant3HFM_body4NCO/17/0/1/chaiout/fixed.pdb
T14_16_0_0_chaiout_output,trials/T14_ant3HFM_body4NCO/16/0/0/chaiout/fixed.pdb
T14_16_0_1_chaiout_output,trials/T14_ant3HFM_body4NCO/16/0/1/chaiout/fixed.pdb
T14_10_0_0_chaiout_output,trials/T14_ant3HFM_body4NCO/10/0/0/chaiout/fixed.pdb
T14_10_0_1_chaiout_output,trials/T14_ant3HFM_body4NCO/10/0/1/chaiout/fixed.pdb
T14_12_0_0_chaiout_output,trials/T14_ant3HFM_body4NCO/12/0/0/chaiout/fixed.pdb
T14_12_0_1_chaiout_output,trials/T14_ant3HFM_body4NCO/12/0/1/chaiout/fixed.pdb
T14_35_0_0_chaiout_output,trials/T14_ant3HFM_body4NCO/35/0/0/chaiout/fixed.pdb
T14_26_0_0_chaiout_output,trials/T14_ant3HFM_body4NCO/26/0/0/chaiout/fixed.pdb
T14_30_0_0_chaiout_output,trials/T14_ant3HFM_body4NCO/30/0/0/chaiout/fixed.pdb
T14_8_0_0_chaiout_output,trials/T14_ant3HFM_body4NCO/8/0/0/chaiout/fixed.pdb
T14_8_0_1_chaiout_output,trials/T14_ant3HFM_body4NCO/8/0/1/chaiout/fixed.pdb
T14_5_0_0_chaiout_output,trials/T14_ant3HFM_body4NCO/5/0/0/chaiout/fixed.pdb
T14_5_0_1_chaiout_output,trials/T14_ant3HFM_body4NCO/5/0/1/chaiout/fixed.pdb
T14_0_0_0_chaiout_output,trials/T14_ant3HFM_body4NCO/0/0/0/chaiout/fixed.pdb
T14_0_0_1_chaiout_output,trials/T14_ant3HFM_body4NCO/0/0/1/chaiout/fixed.pdb
T14_31_0_0_chaiout_output,trials/T14_ant3HFM_body4NCO/31/0/0/chaiout/fixed.pdb
T14_24_0_0_chaiout_output,trials/T14_ant3HFM_body4NCO/24/0/0/chaiout/fixed.pdb
T14_25_0_0_chaiout_output,trials/T14_ant3HFM_body4NCO/25/0/0/chaiout/fixed.pdb
T14_28_0_0_chaiout_output,trials/T14_ant3HFM_body4NCO/28/0/0/chaiout/fixed.pdb
T14_21_0_0_chaiout_output,trials/T14_ant3HFM_body4NCO/21/0/0/chaiout/fixed.pdb
T14_37_0_0_chaiout_output,trials/T14_ant3HFM_body4NCO/37/0/0/chaiout/fixed.pdb
T14_11_0_0_chaiout_output,trials/T14_ant3HFM_body4NCO/11/0/0/chaiout/fixed.pdb
T14_11_0_1_chaiout_output,trials/T14_ant3HFM_body4NCO/11/0/1/chaiout/fixed.pdb
T14_32_0_0_chaiout_output,trials/T14_ant3HFM_body4NCO/32/0/0/chaiout/fixed.pdb
T14_2_0_0_chaiout_output,trials/T14_ant3HFM_body4NCO/2/0/0/chaiout/fixed.pdb
T14_2_0_1_chaiout_output,trials/T14_ant3HFM_body4NCO/2/0/1/chaiout/fixed.pdb
T14_38_0_0_chaiout_output,trials/T14_ant3HFM_body4NCO/38/0/0/chaiout/fixed.pdb
T14_20_0_0_chaiout_output,trials/T14_ant3HFM_body4NCO/20/0/0/chaiout/fixed.pdb
T14_3_0_0_chaiout_output,trials/T14_ant3HFM_body4NCO/3/0/0/chaiout/fixed.pdb
T14_3_0_1_chaiout_output,trials/T14_ant3HFM_body4NCO/3/0/1/chaiout/fixed.pdb
T14_23_0_0_chaiout_output,trials/T14_ant3HFM_body4NCO/23/0/0/chaiout/fixed.pdb
T14_33_0_0_chaiout_output,trials/T14_ant3HFM_body4NCO/33/0/0/chaiout/fixed.pdb
T14_6_0_0_chaiout_output,trials/T14_ant3HFM_body4NCO/6/0/0/chaiout/fixed.pdb
T14_6_0_1_chaiout_output,trials/T14_ant3HFM_body4NCO/6/0/1/chaiout/fixed.pdb
T14_9_0_0_chaiout_output,trials/T14_ant3HFM_body4NCO/9/0/0/chaiout/fixed.pdb
T14_9_0_1_chaiout_output,trials/T14_ant3HFM_body4NCO/9/0/1/chaiout/fixed.pdb
T14_22_0_0_chaiout_output,trials/T14_ant3HFM_body4NCO/22/0/0/chaiout/fixed.pdb
T14_13_0_0_chaiout_output,trials/T14_ant3HFM_body4NCO/13/0/0/chaiout/fixed.pdb
T14_13_0_1_chaiout_output,trials/T14_ant3HFM_body4NCO/13/0/1/chaiout/fixed.pdb
T14_1_0_0_chaiout_output,trials/T14_ant3HFM_body4NCO/1/0/0/chaiout/fixed.pdb
T14_1_0_1_chaiout_output,trials/T14_ant3HFM_body4NCO/1/0/1/chaiout/fixed.pdb
T14_34_0_0_chaiout_output,trials/T14_ant3HFM_body4NCO/34/0/0/chaiout/fixed.pdb
T14_36_0_0_chaiout_output,trials/T14_ant3HFM_body4NCO/36/0/0/chaiout/fixed.pdb
T14_39_0_0_chaiout_output,trials/T14_ant3HFM_body4NCO/39/0/0/chaiout/fixed.pdb
T14_15_0_0_chaiout_output,trials/T14_ant3HFM_body4NCO/15/0/0/chaiout/fixed.pdb
T14_15_0_1_chaiout_output,trials/T14_ant3HFM_body4NCO/15/0/1/chaiout/fixed.pdb
T14_27_0_0_chaiout_output,trials/T14_ant3HFM_body4NCO/27/0/0/chaiout/fixed.pdb
T14_18_0_0_rfout_chai_struct_2_output,trials/T14_ant3HFM_body4NCO/18/0/0/rfout/chai_struct_2/fixed_0.pdb
T14_18_0_0_rfout_chai_struct_1_output,trials/T14_ant3HFM_body4NCO/18/0/0/rfout/chai_struct_1/fixed_0.pdb
T14_18_0_0_rfout_chai_struct_4_output,trials/T14_ant3HFM_body4NCO/18/0/0/rfout/chai_struct_4/fixed_0.pdb
T14_18_0_0_rfout_chai_struct_5_output,trials/T14_ant3HFM_body4NCO/18/0/0/rfout/chai_struct_5/fixed_0.pdb
T14_18_0_0_rfout_chai_struct_0_output,trials/T14_ant3HFM_body4NCO/18/0/0/rfout/chai_struct_0/fixed_0.pdb
T14_18_0_0_rfout_chai_struct_3_output,trials/T14_ant3HFM_body4NCO/18/0/0/rfout/chai_struct_3/fixed_0.pdb
T14_18_0_1_rfout_chai_struct_2_output,trials/T14_ant3HFM_body4NCO/18/0/1/rfout/chai_struct_2/fixed_0.pdb
T14_18_0_1_rfout_chai_struct_1_output,trials/T14_ant3HFM_body4NCO/18/0/1/rfout/chai_struct_1/fixed_0.pdb
T14_18_0_1_rfout_chai_struct_9_output,trials/T14_ant3HFM_body4NCO/18/0/1/rfout/chai_struct_9/fixed_0.pdb
T14_18_0_1_rfout_chai_struct_8_output,trials/T14_ant3HFM_body4NCO/18/0/1/rfout/chai_struct_8/fixed_0.pdb
T14_18_0_1_rfout_chai_struct_7_output,trials/T14_ant3HFM_body4NCO/18/0/1/rfout/chai_struct_7/fixed_0.pdb
T14_18_0_1_rfout_chai_struct_4_output,trials/T14_ant3HFM_body4NCO/18/0/1/rfout/chai_struct_4/fixed_0.pdb
T14_18_0_1_rfout_chai_struct_5_output,trials/T14_ant3HFM_body4NCO/18/0/1/rfout/chai_struct_5/fixed_0.pdb
T14_18_0_1_rfout_chai_struct_0_output,trials/T14_ant3HFM_body4NCO/18/0/1/rfout/chai_struct_0/fixed_0.pdb
T14_18_0_1_rfout_chai_struct_3_output,trials/T14_ant3HFM_body4NCO/18/0/1/rfout/chai_struct_3/fixed_0.pdb
T14_18_0_1_rfout_chai_struct_6_output,trials/T14_ant3HFM_body4NCO/18/0/1/rfout/chai_struct_6/fixed_0.pdb
T14_7_0_1_rfout_chai_struct_2_output,trials/T14_ant3HFM_body4NCO/7/0/1/rfout/chai_struct_2/fixed_0.pdb
T14_7_0_1_rfout_chai_struct_1_output,trials/T14_ant3HFM_body4NCO/7/0/1/rfout/chai_struct_1/fixed_0.pdb
T14_7_0_1_rfout_chai_struct_9_output,trials/T14_ant3HFM_body4NCO/7/0/1/rfout/chai_struct_9/fixed_0.pdb
T14_7_0_1_rfout_chai_struct_8_output,trials/T14_ant3HFM_body4NCO/7/0/1/rfout/chai_struct_8/fixed_0.pdb
T14_7_0_1_rfout_chai_struct_7_output,trials/T14_ant3HFM_body4NCO/7/0/1/rfout/chai_struct_7/fixed_0.pdb
T14_7_0_1_rfout_chai_struct_4_output,trials/T14_ant3HFM_body4NCO/7/0/1/rfout/chai_struct_4/fixed_0.pdb
T14_7_0_1_rfout_chai_struct_5_output,trials/T14_ant3HFM_body4NCO/7/0/1/rfout/chai_struct_5/fixed_0.pdb
T14_7_0_1_rfout_chai_struct_0_output,trials/T14_ant3HFM_body4NCO/7/0/1/rfout/chai_struct_0/fixed_0.pdb
T14_7_0_1_rfout_chai_struct_3_output,trials/T14_ant3HFM_body4NCO/7/0/1/rfout/chai_struct_3/fixed_0.pdb
T14_7_0_1_rfout_chai_struct_6_output,trials/T14_ant3HFM_body4NCO/7/0/1/rfout/chai_struct_6/fixed_0.pdb
T14_14_0_1_rfout_chai_struct_2_output,trials/T14_ant3HFM_body4NCO/14/0/1/rfout/chai_struct_2/fixed_0.pdb
T14_14_0_1_rfout_chai_struct_1_output,trials/T14_ant3HFM_body4NCO/14/0/1/rfout/chai_struct_1/fixed_0.pdb
T14_14_0_1_rfout_chai_struct_9_output,trials/T14_ant3HFM_body4NCO/14/0/1/rfout/chai_struct_9/fixed_0.pdb
T14_14_0_1_rfout_chai_struct_8_output,trials/T14_ant3HFM_body4NCO/14/0/1/rfout/chai_struct_8/fixed_0.pdb
T14_14_0_1_rfout_chai_struct_7_output,trials/T14_ant3HFM_body4NCO/14/0/1/rfout/chai_struct_7/fixed_0.pdb
T14_14_0_1_rfout_chai_struct_4_output,trials/T14_ant3HFM_body4NCO/14/0/1/rfout/chai_struct_4/fixed_0.pdb
T14_14_0_1_rfout_chai_struct_5_output,trials/T14_ant3HFM_body4NCO/14/0/1/rfout/chai_struct_5/fixed_0.pdb
T14_14_0_1_rfout_chai_struct_0_output,trials/T14_ant3HFM_body4NCO/14/0/1/rfout/chai_struct_0/fixed_0.pdb
T14_14_0_1_rfout_chai_struct_3_output,trials/T14_ant3HFM_body4NCO/14/0/1/rfout/chai_struct_3/fixed_0.pdb
T14_14_0_1_rfout_chai_struct_6_output,trials/T14_ant3HFM_body4NCO/14/0/1/rfout/chai_struct_6/fixed_0.pdb
T14_4_0_0_rfout_chai_struct_0_output,trials/T14_ant3HFM_body4NCO/4/0/0/rfout/chai_struct_0/fixed_0.pdb
T14_4_0_1_rfout_chai_struct_2_output,trials/T14_ant3HFM_body4NCO/4/0/1/rfout/chai_struct_2/fixed_0.pdb
T14_4_0_1_rfout_chai_struct_1_output,trials/T14_ant3HFM_body4NCO/4/0/1/rfout/chai_struct_1/fixed_0.pdb
T14_4_0_1_rfout_chai_struct_9_output,trials/T14_ant3HFM_body4NCO/4/0/1/rfout/chai_struct_9/fixed_0.pdb
T14_4_0_1_rfout_chai_struct_8_output,trials/T14_ant3HFM_body4NCO/4/0/1/rfout/chai_struct_8/fixed_0.pdb
T14_4_0_1_rfout_chai_struct_7_output,trials/T14_ant3HFM_body4NCO/4/0/1/rfout/chai_struct_7/fixed_0.pdb
T14_4_0_1_rfout_chai_struct_4_output,trials/T14_ant3HFM_body4NCO/4/0/1/rfout/chai_struct_4/fixed_0.pdb
T14_4_0_1_rfout_chai_struct_5_output,trials/T14_ant3HFM_body4NCO/4/0/1/rfout/chai_struct_5/fixed_0.pdb
T14_4_0_1_rfout_chai_struct_0_output,trials/T14_ant3HFM_body4NCO/4/0/1/rfout/chai_struct_0/fixed_0.pdb
T14_4_0_1_rfout_chai_struct_3_output,trials/T14_ant3HFM_body4NCO/4/0/1/rfout/chai_struct_3/fixed_0.pdb
T14_4_0_1_rfout_chai_struct_6_output,trials/T14_ant3HFM_body4NCO/4/0/1/rfout/chai_struct_6/fixed_0.pdb
T14_17_0_0_rfout_chai_struct_1_output,trials/T14_ant3HFM_body4NCO/17/0/0/rfout/chai_struct_1/fixed_0.pdb
T14_17_0_0_rfout_chai_struct_0_output,trials/T14_ant3HFM_body4NCO/17/0/0/rfout/chai_struct_0/fixed_0.pdb
T14_17_0_1_rfout_chai_struct_2_output,trials/T14_ant3HFM_body4NCO/17/0/1/rfout/chai_struct_2/fixed_0.pdb
T14_17_0_1_rfout_chai_struct_1_output,trials/T14_ant3HFM_body4NCO/17/0/1/rfout/chai_struct_1/fixed_0.pdb
T14_17_0_1_rfout_chai_struct_9_output,trials/T14_ant3HFM_body4NCO/17/0/1/rfout/chai_struct_9/fixed_0.pdb
T14_17_0_1_rfout_chai_struct_8_output,trials/T14_ant3HFM_body4NCO/17/0/1/rfout/chai_struct_8/fixed_0.pdb
T14_17_0_1_rfout_chai_struct_7_output,trials/T14_ant3HFM_body4NCO/17/0/1/rfout/chai_struct_7/fixed_0.pdb
T14_17_0_1_rfout_chai_struct_4_output,trials/T14_ant3HFM_body4NCO/17/0/1/rfout/chai_struct_4/fixed_0.pdb
T14_17_0_1_rfout_chai_struct_5_output,trials/T14_ant3HFM_body4NCO/17/0/1/rfout/chai_struct_5/fixed_0.pdb
T14_17_0_1_rfout_chai_struct_0_output,trials/T14_ant3HFM_body4NCO/17/0/1/rfout/chai_struct_0/fixed_0.pdb
T14_17_0_1_rfout_chai_struct_3_output,trials/T14_ant3HFM_body4NCO/17/0/1/rfout/chai_struct_3/fixed_0.pdb
T14_17_0_1_rfout_chai_struct_6_output,trials/T14_ant3HFM_body4NCO/17/0/1/rfout/chai_struct_6/fixed_0.pdb
T14_16_0_0_rfout_chai_struct_1_output,trials/T14_ant3HFM_body4NCO/16/0/0/rfout/chai_struct_1/fixed_0.pdb
T14_16_0_0_rfout_chai_struct_0_output,trials/T14_ant3HFM_body4NCO/16/0/0/rfout/chai_struct_0/fixed_0.pdb
T14_16_0_1_rfout_chai_struct_2_output,trials/T14_ant3HFM_body4NCO/16/0/1/rfout/chai_struct_2/fixed_0.pdb
T14_16_0_1_rfout_chai_struct_1_output,trials/T14_ant3HFM_body4NCO/16/0/1/rfout/chai_struct_1/fixed_0.pdb
T14_16_0_1_rfout_chai_struct_9_output,trials/T14_ant3HFM_body4NCO/16/0/1/rfout/chai_struct_9/fixed_0.pdb
T14_16_0_1_rfout_chai_struct_8_output,trials/T14_ant3HFM_body4NCO/16/0/1/rfout/chai_struct_8/fixed_0.pdb
T14_16_0_1_rfout_chai_struct_7_output,trials/T14_ant3HFM_body4NCO/16/0/1/rfout/chai_struct_7/fixed_0.pdb
T14_16_0_1_rfout_chai_struct_4_output,trials/T14_ant3HFM_body4NCO/16/0/1/rfout/chai_struct_4/fixed_0.pdb
T14_16_0_1_rfout_chai_struct_5_output,trials/T14_ant3HFM_body4NCO/16/0/1/rfout/chai_struct_5/fixed_0.pdb
T14_16_0_1_rfout_chai_struct_0_output,trials/T14_ant3HFM_body4NCO/16/0/1/rfout/chai_struct_0/fixed_0.pdb
T14_16_0_1_rfout_chai_struct_3_output,trials/T14_ant3HFM_body4NCO/16/0/1/rfout/chai_struct_3/fixed_0.pdb
T14_16_0_1_rfout_chai_struct_6_output,trials/T14_ant3HFM_body4NCO/16/0/1/rfout/chai_struct_6/fixed_0.pdb
T14_10_0_0_rfout_chai_struct_2_output,trials/T14_ant3HFM_body4NCO/10/0/0/rfout/chai_struct_2/fixed_0.pdb
T14_10_0_0_rfout_chai_struct_1_output,trials/T14_ant3HFM_body4NCO/10/0/0/rfout/chai_struct_1/fixed_0.pdb
T14_10_0_0_rfout_chai_struct_0_output,trials/T14_ant3HFM_body4NCO/10/0/0/rfout/chai_struct_0/fixed_0.pdb
T14_10_0_0_rfout_chai_struct_3_output,trials/T14_ant3HFM_body4NCO/10/0/0/rfout/chai_struct_3/fixed_0.pdb
T14_10_0_1_rfout_chai_struct_2_output,trials/T14_ant3HFM_body4NCO/10/0/1/rfout/chai_struct_2/fixed_0.pdb
T14_10_0_1_rfout_chai_struct_1_output,trials/T14_ant3HFM_body4NCO/10/0/1/rfout/chai_struct_1/fixed_0.pdb
T14_10_0_1_rfout_chai_struct_9_output,trials/T14_ant3HFM_body4NCO/10/0/1/rfout/chai_struct_9/fixed_0.pdb
T14_10_0_1_rfout_chai_struct_8_output,trials/T14_ant3HFM_body4NCO/10/0/1/rfout/chai_struct_8/fixed_0.pdb
T14_10_0_1_rfout_chai_struct_7_output,trials/T14_ant3HFM_body4NCO/10/0/1/rfout/chai_struct_7/fixed_0.pdb
T14_10_0_1_rfout_chai_struct_4_output,trials/T14_ant3HFM_body4NCO/10/0/1/rfout/chai_struct_4/fixed_0.pdb
T14_10_0_1_rfout_chai_struct_5_output,trials/T14_ant3HFM_body4NCO/10/0/1/rfout/chai_struct_5/fixed_0.pdb
T14_10_0_1_rfout_chai_struct_0_output,trials/T14_ant3HFM_body4NCO/10/0/1/rfout/chai_struct_0/fixed_0.pdb
T14_10_0_1_rfout_chai_struct_3_output,trials/T14_ant3HFM_body4NCO/10/0/1/rfout/chai_struct_3/fixed_0.pdb
T14_10_0_1_rfout_chai_struct_6_output,trials/T14_ant3HFM_body4NCO/10/0/1/rfout/chai_struct_6/fixed_0.pdb
T14_12_0_1_rfout_chai_struct_2_output,trials/T14_ant3HFM_body4NCO/12/0/1/rfout/chai_struct_2/fixed_0.pdb
T14_12_0_1_rfout_chai_struct_1_output,trials/T14_ant3HFM_body4NCO/12/0/1/rfout/chai_struct_1/fixed_0.pdb
T14_12_0_1_rfout_chai_struct_9_output,trials/T14_ant3HFM_body4NCO/12/0/1/rfout/chai_struct_9/fixed_0.pdb
T14_12_0_1_rfout_chai_struct_8_output,trials/T14_ant3HFM_body4NCO/12/0/1/rfout/chai_struct_8/fixed_0.pdb
T14_12_0_1_rfout_chai_struct_7_output,trials/T14_ant3HFM_body4NCO/12/0/1/rfout/chai_struct_7/fixed_0.pdb
T14_12_0_1_rfout_chai_struct_4_output,trials/T14_ant3HFM_body4NCO/12/0/1/rfout/chai_struct_4/fixed_0.pdb
T14_12_0_1_rfout_chai_struct_5_output,trials/T14_ant3HFM_body4NCO/12/0/1/rfout/chai_struct_5/fixed_0.pdb
T14_12_0_1_rfout_chai_struct_0_output,trials/T14_ant3HFM_body4NCO/12/0/1/rfout/chai_struct_0/fixed_0.pdb
T14_12_0_1_rfout_chai_struct_3_output,trials/T14_ant3HFM_body4NCO/12/0/1/rfout/chai_struct_3/fixed_0.pdb
T14_12_0_1_rfout_chai_struct_6_output,trials/T14_ant3HFM_body4NCO/12/0/1/rfout/chai_struct_6/fixed_0.pdb
T14_8_0_0_rfout_chai_struct_0_output,trials/T14_ant3HFM_body4NCO/8/0/0/rfout/chai_struct_0/fixed_0.pdb
T14_8_0_1_rfout_chai_struct_2_output,trials/T14_ant3HFM_body4NCO/8/0/1/rfout/chai_struct_2/fixed_0.pdb
T14_8_0_1_rfout_chai_struct_1_output,trials/T14_ant3HFM_body4NCO/8/0/1/rfout/chai_struct_1/fixed_0.pdb
T14_8_0_1_rfout_chai_struct_9_output,trials/T14_ant3HFM_body4NCO/8/0/1/rfout/chai_struct_9/fixed_0.pdb
T14_8_0_1_rfout_chai_struct_8_output,trials/T14_ant3HFM_body4NCO/8/0/1/rfout/chai_struct_8/fixed_0.pdb
T14_8_0_1_rfout_chai_struct_7_output,trials/T14_ant3HFM_body4NCO/8/0/1/rfout/chai_struct_7/fixed_0.pdb
T14_8_0_1_rfout_chai_struct_4_output,trials/T14_ant3HFM_body4NCO/8/0/1/rfout/chai_struct_4/fixed_0.pdb
T14_8_0_1_rfout_chai_struct_5_output,trials/T14_ant3HFM_body4NCO/8/0/1/rfout/chai_struct_5/fixed_0.pdb
T14_8_0_1_rfout_chai_struct_0_output,trials/T14_ant3HFM_body4NCO/8/0/1/rfout/chai_struct_0/fixed_0.pdb
T14_8_0_1_rfout_chai_struct_3_output,trials/T14_ant3HFM_body4NCO/8/0/1/rfout/chai_struct_3/fixed_0.pdb
T14_8_0_1_rfout_chai_struct_6_output,trials/T14_ant3HFM_body4NCO/8/0/1/rfout/chai_struct_6/fixed_0.pdb
T14_5_0_0_rfout_chai_struct_0_output,trials/T14_ant3HFM_body4NCO/5/0/0/rfout/chai_struct_0/fixed_0.pdb
T14_5_0_1_rfout_chai_struct_2_output,trials/T14_ant3HFM_body4NCO/5/0/1/rfout/chai_struct_2/fixed_0.pdb
T14_5_0_1_rfout_chai_struct_1_output,trials/T14_ant3HFM_body4NCO/5/0/1/rfout/chai_struct_1/fixed_0.pdb
T14_5_0_1_rfout_chai_struct_9_output,trials/T14_ant3HFM_body4NCO/5/0/1/rfout/chai_struct_9/fixed_0.pdb
T14_5_0_1_rfout_chai_struct_8_output,trials/T14_ant3HFM_body4NCO/5/0/1/rfout/chai_struct_8/fixed_0.pdb
T14_5_0_1_rfout_chai_struct_7_output,trials/T14_ant3HFM_body4NCO/5/0/1/rfout/chai_struct_7/fixed_0.pdb
T14_5_0_1_rfout_chai_struct_4_output,trials/T14_ant3HFM_body4NCO/5/0/1/rfout/chai_struct_4/fixed_0.pdb
T14_5_0_1_rfout_chai_struct_5_output,trials/T14_ant3HFM_body4NCO/5/0/1/rfout/chai_struct_5/fixed_0.pdb
T14_5_0_1_rfout_chai_struct_0_output,trials/T14_ant3HFM_body4NCO/5/0/1/rfout/chai_struct_0/fixed_0.pdb
T14_5_0_1_rfout_chai_struct_3_output,trials/T14_ant3HFM_body4NCO/5/0/1/rfout/chai_struct_3/fixed_0.pdb
T14_5_0_1_rfout_chai_struct_6_output,trials/T14_ant3HFM_body4NCO/5/0/1/rfout/chai_struct_6/fixed_0.pdb
T14_0_0_0_rfout_chai_struct_0_output,trials/T14_ant3HFM_body4NCO/0/0/0/rfout/chai_struct_0/fixed_0.pdb
T14_0_0_1_rfout_chai_struct_2_output,trials/T14_ant3HFM_body4NCO/0/0/1/rfout/chai_struct_2/fixed_0.pdb
T14_0_0_1_rfout_chai_struct_1_output,trials/T14_ant3HFM_body4NCO/0/0/1/rfout/chai_struct_1/fixed_0.pdb
T14_0_0_1_rfout_chai_struct_9_output,trials/T14_ant3HFM_body4NCO/0/0/1/rfout/chai_struct_9/fixed_0.pdb
T14_0_0_1_rfout_chai_struct_8_output,trials/T14_ant3HFM_body4NCO/0/0/1/rfout/chai_struct_8/fixed_0.pdb
T14_0_0_1_rfout_chai_struct_7_output,trials/T14_ant3HFM_body4NCO/0/0/1/rfout/chai_struct_7/fixed_0.pdb
T14_0_0_1_rfout_chai_struct_4_output,trials/T14_ant3HFM_body4NCO/0/0/1/rfout/chai_struct_4/fixed_0.pdb
T14_0_0_1_rfout_chai_struct_5_output,trials/T14_ant3HFM_body4NCO/0/0/1/rfout/chai_struct_5/fixed_0.pdb
T14_0_0_1_rfout_chai_struct_0_output,trials/T14_ant3HFM_body4NCO/0/0/1/rfout/chai_struct_0/fixed_0.pdb
T14_0_0_1_rfout_chai_struct_3_output,trials/T14_ant3HFM_body4NCO/0/0/1/rfout/chai_struct_3/fixed_0.pdb
T14_0_0_1_rfout_chai_struct_6_output,trials/T14_ant3HFM_body4NCO/0/0/1/rfout/chai_struct_6/fixed_0.pdb
T14_28_0_0_rfout_chai_struct_2_output,trials/T14_ant3HFM_body4NCO/28/0/0/rfout/chai_struct_2/fixed_0.pdb
T14_28_0_0_rfout_chai_struct_1_output,trials/T14_ant3HFM_body4NCO/28/0/0/rfout/chai_struct_1/fixed_0.pdb
T14_28_0_0_rfout_chai_struct_0_output,trials/T14_ant3HFM_body4NCO/28/0/0/rfout/chai_struct_0/fixed_0.pdb
T14_21_0_0_rfout_chai_struct_1_output,trials/T14_ant3HFM_body4NCO/21/0/0/rfout/chai_struct_1/fixed_0.pdb
T14_21_0_0_rfout_chai_struct_0_output,trials/T14_ant3HFM_body4NCO/21/0/0/rfout/chai_struct_0/fixed_0.pdb
T14_11_0_1_rfout_chai_struct_2_output,trials/T14_ant3HFM_body4NCO/11/0/1/rfout/chai_struct_2/fixed_0.pdb
T14_11_0_1_rfout_chai_struct_1_output,trials/T14_ant3HFM_body4NCO/11/0/1/rfout/chai_struct_1/fixed_0.pdb
T14_11_0_1_rfout_chai_struct_9_output,trials/T14_ant3HFM_body4NCO/11/0/1/rfout/chai_struct_9/fixed_0.pdb
T14_11_0_1_rfout_chai_struct_8_output,trials/T14_ant3HFM_body4NCO/11/0/1/rfout/chai_struct_8/fixed_0.pdb
T14_11_0_1_rfout_chai_struct_7_output,trials/T14_ant3HFM_body4NCO/11/0/1/rfout/chai_struct_7/fixed_0.pdb
T14_11_0_1_rfout_chai_struct_4_output,trials/T14_ant3HFM_body4NCO/11/0/1/rfout/chai_struct_4/fixed_0.pdb
T14_11_0_1_rfout_chai_struct_5_output,trials/T14_ant3HFM_body4NCO/11/0/1/rfout/chai_struct_5/fixed_0.pdb
T14_11_0_1_rfout_chai_struct_0_output,trials/T14_ant3HFM_body4NCO/11/0/1/rfout/chai_struct_0/fixed_0.pdb
T14_11_0_1_rfout_chai_struct_3_output,trials/T14_ant3HFM_body4NCO/11/0/1/rfout/chai_struct_3/fixed_0.pdb
T14_11_0_1_rfout_chai_struct_6_output,trials/T14_ant3HFM_body4NCO/11/0/1/rfout/chai_struct_6/fixed_0.pdb
T14_32_0_0_rfout_chai_struct_0_output,trials/T14_ant3HFM_body4NCO/32/0/0/rfout/chai_struct_0/fixed_0.pdb
T14_2_0_0_rfout_chai_struct_0_output,trials/T14_ant3HFM_body4NCO/2/0/0/rfout/chai_struct_0/fixed_0.pdb
T14_2_0_1_rfout_chai_struct_2_output,trials/T14_ant3HFM_body4NCO/2/0/1/rfout/chai_struct_2/fixed_0.pdb
T14_2_0_1_rfout_chai_struct_1_output,trials/T14_ant3HFM_body4NCO/2/0/1/rfout/chai_struct_1/fixed_0.pdb
T14_2_0_1_rfout_chai_struct_9_output,trials/T14_ant3HFM_body4NCO/2/0/1/rfout/chai_struct_9/fixed_0.pdb
T14_2_0_1_rfout_chai_struct_8_output,trials/T14_ant3HFM_body4NCO/2/0/1/rfout/chai_struct_8/fixed_0.pdb
T14_2_0_1_rfout_chai_struct_7_output,trials/T14_ant3HFM_body4NCO/2/0/1/rfout/chai_struct_7/fixed_0.pdb
T14_2_0_1_rfout_chai_struct_4_output,trials/T14_ant3HFM_body4NCO/2/0/1/rfout/chai_struct_4/fixed_0.pdb
T14_2_0_1_rfout_chai_struct_5_output,trials/T14_ant3HFM_body4NCO/2/0/1/rfout/chai_struct_5/fixed_0.pdb
T14_2_0_1_rfout_chai_struct_0_output,trials/T14_ant3HFM_body4NCO/2/0/1/rfout/chai_struct_0/fixed_0.pdb
T14_2_0_1_rfout_chai_struct_3_output,trials/T14_ant3HFM_body4NCO/2/0/1/rfout/chai_struct_3/fixed_0.pdb
T14_2_0_1_rfout_chai_struct_6_output,trials/T14_ant3HFM_body4NCO/2/0/1/rfout/chai_struct_6/fixed_0.pdb
T14_20_0_0_rfout_chai_struct_0_output,trials/T14_ant3HFM_body4NCO/20/0/0/rfout/chai_struct_0/fixed_0.pdb
T14_3_0_0_rfout_chai_struct_0_output,trials/T14_ant3HFM_body4NCO/3/0/0/rfout/chai_struct_0/fixed_0.pdb
T14_3_0_1_rfout_chai_struct_2_output,trials/T14_ant3HFM_body4NCO/3/0/1/rfout/chai_struct_2/fixed_0.pdb
T14_3_0_1_rfout_chai_struct_1_output,trials/T14_ant3HFM_body4NCO/3/0/1/rfout/chai_struct_1/fixed_0.pdb
T14_3_0_1_rfout_chai_struct_9_output,trials/T14_ant3HFM_body4NCO/3/0/1/rfout/chai_struct_9/fixed_0.pdb
T14_3_0_1_rfout_chai_struct_8_output,trials/T14_ant3HFM_body4NCO/3/0/1/rfout/chai_struct_8/fixed_0.pdb
T14_3_0_1_rfout_chai_struct_7_output,trials/T14_ant3HFM_body4NCO/3/0/1/rfout/chai_struct_7/fixed_0.pdb
T14_3_0_1_rfout_chai_struct_4_output,trials/T14_ant3HFM_body4NCO/3/0/1/rfout/chai_struct_4/fixed_0.pdb
T14_3_0_1_rfout_chai_struct_5_output,trials/T14_ant3HFM_body4NCO/3/0/1/rfout/chai_struct_5/fixed_0.pdb
T14_3_0_1_rfout_chai_struct_0_output,trials/T14_ant3HFM_body4NCO/3/0/1/rfout/chai_struct_0/fixed_0.pdb
T14_3_0_1_rfout_chai_struct_3_output,trials/T14_ant3HFM_body4NCO/3/0/1/rfout/chai_struct_3/fixed_0.pdb
T14_3_0_1_rfout_chai_struct_6_output,trials/T14_ant3HFM_body4NCO/3/0/1/rfout/chai_struct_6/fixed_0.pdb
T14_33_0_0_rfout_chai_struct_1_output,trials/T14_ant3HFM_body4NCO/33/0/0/rfout/chai_struct_1/fixed_0.pdb
T14_33_0_0_rfout_chai_struct_0_output,trials/T14_ant3HFM_body4NCO/33/0/0/rfout/chai_struct_0/fixed_0.pdb
T14_6_0_0_rfout_chai_struct_0_output,trials/T14_ant3HFM_body4NCO/6/0/0/rfout/chai_struct_0/fixed_0.pdb
T14_6_0_1_rfout_chai_struct_2_output,trials/T14_ant3HFM_body4NCO/6/0/1/rfout/chai_struct_2/fixed_0.pdb
T14_6_0_1_rfout_chai_struct_1_output,trials/T14_ant3HFM_body4NCO/6/0/1/rfout/chai_struct_1/fixed_0.pdb
T14_6_0_1_rfout_chai_struct_7_output,trials/T14_ant3HFM_body4NCO/6/0/1/rfout/chai_struct_7/fixed_0.pdb
T14_6_0_1_rfout_chai_struct_4_output,trials/T14_ant3HFM_body4NCO/6/0/1/rfout/chai_struct_4/fixed_0.pdb
T14_6_0_1_rfout_chai_struct_5_output,trials/T14_ant3HFM_body4NCO/6/0/1/rfout/chai_struct_5/fixed_0.pdb
T14_6_0_1_rfout_chai_struct_0_output,trials/T14_ant3HFM_body4NCO/6/0/1/rfout/chai_struct_0/fixed_0.pdb
T14_6_0_1_rfout_chai_struct_3_output,trials/T14_ant3HFM_body4NCO/6/0/1/rfout/chai_struct_3/fixed_0.pdb
T14_6_0_1_rfout_chai_struct_6_output,trials/T14_ant3HFM_body4NCO/6/0/1/rfout/chai_struct_6/fixed_0.pdb
T14_9_0_0_rfout_chai_struct_0_output,trials/T14_ant3HFM_body4NCO/9/0/0/rfout/chai_struct_0/fixed_0.pdb
T14_9_0_1_rfout_chai_struct_2_output,trials/T14_ant3HFM_body4NCO/9/0/1/rfout/chai_struct_2/fixed_0.pdb
T14_9_0_1_rfout_chai_struct_1_output,trials/T14_ant3HFM_body4NCO/9/0/1/rfout/chai_struct_1/fixed_0.pdb
T14_9_0_1_rfout_chai_struct_9_output,trials/T14_ant3HFM_body4NCO/9/0/1/rfout/chai_struct_9/fixed_0.pdb
T14_9_0_1_rfout_chai_struct_8_output,trials/T14_ant3HFM_body4NCO/9/0/1/rfout/chai_struct_8/fixed_0.pdb
T14_9_0_1_rfout_chai_struct_7_output,trials/T14_ant3HFM_body4NCO/9/0/1/rfout/chai_struct_7/fixed_0.pdb
T14_9_0_1_rfout_chai_struct_4_output,trials/T14_ant3HFM_body4NCO/9/0/1/rfout/chai_struct_4/fixed_0.pdb
T14_9_0_1_rfout_chai_struct_5_output,trials/T14_ant3HFM_body4NCO/9/0/1/rfout/chai_struct_5/fixed_0.pdb
T14_9_0_1_rfout_chai_struct_0_output,trials/T14_ant3HFM_body4NCO/9/0/1/rfout/chai_struct_0/fixed_0.pdb
T14_9_0_1_rfout_chai_struct_3_output,trials/T14_ant3HFM_body4NCO/9/0/1/rfout/chai_struct_3/fixed_0.pdb
T14_9_0_1_rfout_chai_struct_6_output,trials/T14_ant3HFM_body4NCO/9/0/1/rfout/chai_struct_6/fixed_0.pdb
T14_22_0_0_rfout_chai_struct_1_output,trials/T14_ant3HFM_body4NCO/22/0/0/rfout/chai_struct_1/fixed_0.pdb
T14_22_0_0_rfout_chai_struct_0_output,trials/T14_ant3HFM_body4NCO/22/0/0/rfout/chai_struct_0/fixed_0.pdb
T14_13_0_1_rfout_chai_struct_2_output,trials/T14_ant3HFM_body4NCO/13/0/1/rfout/chai_struct_2/fixed_0.pdb
T14_13_0_1_rfout_chai_struct_1_output,trials/T14_ant3HFM_body4NCO/13/0/1/rfout/chai_struct_1/fixed_0.pdb
T14_13_0_1_rfout_chai_struct_9_output,trials/T14_ant3HFM_body4NCO/13/0/1/rfout/chai_struct_9/fixed_0.pdb
T14_13_0_1_rfout_chai_struct_8_output,trials/T14_ant3HFM_body4NCO/13/0/1/rfout/chai_struct_8/fixed_0.pdb
T14_13_0_1_rfout_chai_struct_7_output,trials/T14_ant3HFM_body4NCO/13/0/1/rfout/chai_struct_7/fixed_0.pdb
T14_13_0_1_rfout_chai_struct_4_output,trials/T14_ant3HFM_body4NCO/13/0/1/rfout/chai_struct_4/fixed_0.pdb
T14_13_0_1_rfout_chai_struct_5_output,trials/T14_ant3HFM_body4NCO/13/0/1/rfout/chai_struct_5/fixed_0.pdb
T14_13_0_1_rfout_chai_struct_0_output,trials/T14_ant3HFM_body4NCO/13/0/1/rfout/chai_struct_0/fixed_0.pdb
T14_13_0_1_rfout_chai_struct_3_output,trials/T14_ant3HFM_body4NCO/13/0/1/rfout/chai_struct_3/fixed_0.pdb
T14_13_0_1_rfout_chai_struct_6_output,trials/T14_ant3HFM_body4NCO/13/0/1/rfout/chai_struct_6/fixed_0.pdb
T14_1_0_0_rfout_chai_struct_0_output,trials/T14_ant3HFM_body4NCO/1/0/0/rfout/chai_struct_0/fixed_0.pdb
T14_1_0_1_rfout_chai_struct_2_output,trials/T14_ant3HFM_body4NCO/1/0/1/rfout/chai_struct_2/fixed_0.pdb
T14_1_0_1_rfout_chai_struct_1_output,trials/T14_ant3HFM_body4NCO/1/0/1/rfout/chai_struct_1/fixed_0.pdb
T14_1_0_1_rfout_chai_struct_9_output,trials/T14_ant3HFM_body4NCO/1/0/1/rfout/chai_struct_9/fixed_0.pdb
T14_1_0_1_rfout_chai_struct_8_output,trials/T14_ant3HFM_body4NCO/1/0/1/rfout/chai_struct_8/fixed_0.pdb
T14_1_0_1_rfout_chai_struct_7_output,trials/T14_ant3HFM_body4NCO/1/0/1/rfout/chai_struct_7/fixed_0.pdb
T14_1_0_1_rfout_chai_struct_4_output,trials/T14_ant3HFM_body4NCO/1/0/1/rfout/chai_struct_4/fixed_0.pdb
T14_1_0_1_rfout_chai_struct_5_output,trials/T14_ant3HFM_body4NCO/1/0/1/rfout/chai_struct_5/fixed_0.pdb
T14_1_0_1_rfout_chai_struct_0_output,trials/T14_ant3HFM_body4NCO/1/0/1/rfout/chai_struct_0/fixed_0.pdb
T14_1_0_1_rfout_chai_struct_3_output,trials/T14_ant3HFM_body4NCO/1/0/1/rfout/chai_struct_3/fixed_0.pdb
T14_1_0_1_rfout_chai_struct_6_output,trials/T14_ant3HFM_body4NCO/1/0/1/rfout/chai_struct_6/fixed_0.pdb
T14_34_0_0_rfout_chai_struct_1_output,trials/T14_ant3HFM_body4NCO/34/0/0/rfout/chai_struct_1/fixed_0.pdb
T14_34_0_0_rfout_chai_struct_0_output,trials/T14_ant3HFM_body4NCO/34/0/0/rfout/chai_struct_0/fixed_0.pdb
T14_15_0_0_rfout_chai_struct_0_output,trials/T14_ant3HFM_body4NCO/15/0/0/rfout/chai_struct_0/fixed_0.pdb
T14_15_0_1_rfout_chai_struct_2_output,trials/T14_ant3HFM_body4NCO/15/0/1/rfout/chai_struct_2/fixed_0.pdb
T14_15_0_1_rfout_chai_struct_1_output,trials/T14_ant3HFM_body4NCO/15/0/1/rfout/chai_struct_1/fixed_0.pdb
T14_15_0_1_rfout_chai_struct_9_output,trials/T14_ant3HFM_body4NCO/15/0/1/rfout/chai_struct_9/fixed_0.pdb
T14_15_0_1_rfout_chai_struct_8_output,trials/T14_ant3HFM_body4NCO/15/0/1/rfout/chai_struct_8/fixed_0.pdb
T14_15_0_1_rfout_chai_struct_7_output,trials/T14_ant3HFM_body4NCO/15/0/1/rfout/chai_struct_7/fixed_0.pdb
T14_15_0_1_rfout_chai_struct_4_output,trials/T14_ant3HFM_body4NCO/15/0/1/rfout/chai_struct_4/fixed_0.pdb
T14_15_0_1_rfout_chai_struct_5_output,trials/T14_ant3HFM_body4NCO/15/0/1/rfout/chai_struct_5/fixed_0.pdb
T14_15_0_1_rfout_chai_struct_0_output,trials/T14_ant3HFM_body4NCO/15/0/1/rfout/chai_struct_0/fixed_0.pdb
T14_15_0_1_rfout_chai_struct_3_output,trials/T14_ant3HFM_body4NCO/15/0/1/rfout/chai_struct_3/fixed_0.pdb
T14_15_0_1_rfout_chai_struct_6_output,trials/T14_ant3HFM_body4NCO/15/0/1/rfout/chai_struct_6/fixed_0.pdb
T14_27_0_0_rfout_chai_struct_0_output,trials/T14_ant3HFM_body4NCO/27/0/0/rfout/chai_struct_0/fixed_0.pdb
T9_7_0_4_rfout_chai_struct_0_output,trials/T9_ant3HFM_body4NCO/7/0/4/rfout/chai_struct_0/fixed_0.pdb
T9_7_0_5_rfout_chai_struct_0_output,trials/T9_ant3HFM_body4NCO/7/0/5/rfout/chai_struct_0/fixed_0.pdb
T9_7_0_2_rfout_chai_struct_0_output,trials/T9_ant3HFM_body4NCO/7/0/2/rfout/chai_struct_0/fixed_0.pdb
T9_7_0_3_rfout_chai_struct_0_output,trials/T9_ant3HFM_body4NCO/7/0/3/rfout/chai_struct_0/fixed_0.pdb
T9_7_0_6_rfout_chai_struct_0_output,trials/T9_ant3HFM_body4NCO/7/0/6/rfout/chai_struct_0/fixed_0.pdb
T9_7_0_1_rfout_chai_struct_0_output,trials/T9_ant3HFM_body4NCO/7/0/1/rfout/chai_struct_0/fixed_0.pdb
T9_4_0_4_rfout_chai_struct_0_output,trials/T9_ant3HFM_body4NCO/4/0/4/rfout/chai_struct_0/fixed_0.pdb
T9_4_0_5_rfout_chai_struct_0_output,trials/T9_ant3HFM_body4NCO/4/0/5/rfout/chai_struct_0/fixed_0.pdb
T9_4_0_2_rfout_chai_struct_0_output,trials/T9_ant3HFM_body4NCO/4/0/2/rfout/chai_struct_0/fixed_0.pdb
T9_4_0_3_rfout_chai_struct_0_output,trials/T9_ant3HFM_body4NCO/4/0/3/rfout/chai_struct_0/fixed_0.pdb
T9_4_0_6_rfout_chai_struct_0_output,trials/T9_ant3HFM_body4NCO/4/0/6/rfout/chai_struct_0/fixed_0.pdb
T9_4_0_1_rfout_chai_struct_0_output,trials/T9_ant3HFM_body4NCO/4/0/1/rfout/chai_struct_0/fixed_0.pdb
T9_5_0_4_rfout_chai_struct_0_output,trials/T9_ant3HFM_body4NCO/5/0/4/rfout/chai_struct_0/fixed_0.pdb
T9_5_0_5_rfout_chai_struct_0_output,trials/T9_ant3HFM_body4NCO/5/0/5/rfout/chai_struct_0/fixed_0.pdb
T9_5_0_2_rfout_chai_struct_0_output,trials/T9_ant3HFM_body4NCO/5/0/2/rfout/chai_struct_0/fixed_0.pdb
T9_5_0_3_rfout_chai_struct_0_output,trials/T9_ant3HFM_body4NCO/5/0/3/rfout/chai_struct_0/fixed_0.pdb
T9_5_0_6_rfout_chai_struct_0_output,trials/T9_ant3HFM_body4NCO/5/0/6/rfout/chai_struct_0/fixed_0.pdb
T9_5_0_1_rfout_chai_struct_0_output,trials/T9_ant3HFM_body4NCO/5/0/1/rfout/chai_struct_0/fixed_0.pdb
T9_0_0_4_rfout_chai_struct_0_output,trials/T9_ant3HFM_body4NCO/0/0/4/rfout/chai_struct_0/fixed_0.pdb
T9_0_0_5_rfout_chai_struct_0_output,trials/T9_ant3HFM_body4NCO/0/0/5/rfout/chai_struct_0/fixed_0.pdb
T9_0_0_0_rfout_chai_struct_0_output,trials/T9_ant3HFM_body4NCO/0/0/0/rfout/chai_struct_0/fixed_0.pdb
T9_0_0_2_rfout_chai_struct_0_output,trials/T9_ant3HFM_body4NCO/0/0/2/rfout/chai_struct_0/fixed_0.pdb
T9_0_0_3_rfout_chai_struct_0_output,trials/T9_ant3HFM_body4NCO/0/0/3/rfout/chai_struct_0/fixed_0.pdb
T9_0_0_6_rfout_chai_struct_0_output,trials/T9_ant3HFM_body4NCO/0/0/6/rfout/chai_struct_0/fixed_0.pdb
T9_0_0_1_rfout_chai_struct_0_output,trials/T9_ant3HFM_body4NCO/0/0/1/rfout/chai_struct_0/fixed_0.pdb
T9_2_0_7_rfout_chai_struct_0_output,trials/T9_ant3HFM_body4NCO/2/0/7/rfout/chai_struct_0/fixed_0.pdb
T9_2_0_4_rfout_chai_struct_0_output,trials/T9_ant3HFM_body4NCO/2/0/4/rfout/chai_struct_0/fixed_0.pdb
T9_2_0_5_rfout_chai_struct_0_output,trials/T9_ant3HFM_body4NCO/2/0/5/rfout/chai_struct_0/fixed_0.pdb
T9_2_0_2_rfout_chai_struct_0_output,trials/T9_ant3HFM_body4NCO/2/0/2/rfout/chai_struct_0/fixed_0.pdb
T9_2_0_3_rfout_chai_struct_0_output,trials/T9_ant3HFM_body4NCO/2/0/3/rfout/chai_struct_0/fixed_0.pdb
T9_2_0_6_rfout_chai_struct_0_output,trials/T9_ant3HFM_body4NCO/2/0/6/rfout/chai_struct_0/fixed_0.pdb
T9_2_0_1_rfout_chai_struct_0_output,trials/T9_ant3HFM_body4NCO/2/0/1/rfout/chai_struct_0/fixed_0.pdb
T9_3_0_4_rfout_chai_struct_0_output,trials/T9_ant3HFM_body4NCO/3/0/4/rfout/chai_struct_0/fixed_0.pdb
T9_3_0_5_rfout_chai_struct_0_output,trials/T9_ant3HFM_body4NCO/3/0/5/rfout/chai_struct_0/fixed_0.pdb
T9_3_0_2_rfout_chai_struct_0_output,trials/T9_ant3HFM_body4NCO/3/0/2/rfout/chai_struct_0/fixed_0.pdb
T9_3_0_3_rfout_chai_struct_0_output,trials/T9_ant3HFM_body4NCO/3/0/3/rfout/chai_struct_0/fixed_0.pdb
T9_3_0_6_rfout_chai_struct_0_output,trials/T9_ant3HFM_body4NCO/3/0/6/rfout/chai_struct_0/fixed_0.pdb
T9_3_0_1_rfout_chai_struct_0_output,trials/T9_ant3HFM_body4NCO/3/0/1/rfout/chai_struct_0/fixed_0.pdb
T9_6_0_4_rfout_chai_struct_0_output,trials/T9_ant3HFM_body4NCO/6/0/4/rfout/chai_struct_0/fixed_0.pdb
T9_6_0_5_rfout_chai_struct_0_output,trials/T9_ant3HFM_body4NCO/6/0/5/rfout/chai_struct_0/fixed_0.pdb
T9_6_0_2_rfout_chai_struct_0_output,trials/T9_ant3HFM_body4NCO/6/0/2/rfout/chai_struct_0/fixed_0.pdb
T9_6_0_3_rfout_chai_struct_0_output,trials/T9_ant3HFM_body4NCO/6/0/3/rfout/chai_struct_0/fixed_0.pdb
T9_6_0_6_rfout_chai_struct_0_output,trials/T9_ant3HFM_body4NCO/6/0/6/rfout/chai_struct_0/fixed_0.pdb
T9_6_0_1_rfout_chai_struct_0_output,trials/T9_ant3HFM_body4NCO/6/0/1/rfout/chai_struct_0/fixed_0.pdb
T9_1_0_7_rfout_chai_struct_0_output,trials/T9_ant3HFM_body4NCO/1/0/7/rfout/chai_struct_0/fixed_0.pdb
T9_1_0_5_rfout_chai_struct_0_output,trials/T9_ant3HFM_body4NCO/1/0/5/rfout/chai_struct_0/fixed_0.pdb
T9_1_0_2_rfout_chai_struct_0_output,trials/T9_ant3HFM_body4NCO/1/0/2/rfout/chai_struct_0/fixed_0.pdb
T9_1_0_3_rfout_chai_struct_0_output,trials/T9_ant3HFM_body4NCO/1/0/3/rfout/chai_struct_0/fixed_0.pdb
T9_1_0_6_rfout_chai_struct_0_output,trials/T9_ant3HFM_body4NCO/1/0/6/rfout/chai_struct_0/fixed_0.pdb
T9_1_0_1_rfout_chai_struct_0_output,trials/T9_ant3HFM_body4NCO/1/0/1/rfout/chai_struct_0/fixed_0.pdb
T10_7_0_4_rfout_chai_struct_1_output,trials/T10_ant3HFM_body4NCO/7/0/4/rfout/chai_struct_1/fixed_0.pdb
T10_7_0_4_rfout_chai_struct_0_output,trials/T10_ant3HFM_body4NCO/7/0/4/rfout/chai_struct_0/fixed_0.pdb
T10_7_0_5_rfout_chai_struct_1_output,trials/T10_ant3HFM_body4NCO/7/0/5/rfout/chai_struct_1/fixed_0.pdb
T10_7_0_5_rfout_chai_struct_0_output,trials/T10_ant3HFM_body4NCO/7/0/5/rfout/chai_struct_0/fixed_0.pdb
T10_7_0_2_rfout_chai_struct_1_output,trials/T10_ant3HFM_body4NCO/7/0/2/rfout/chai_struct_1/fixed_0.pdb
T10_7_0_2_rfout_chai_struct_0_output,trials/T10_ant3HFM_body4NCO/7/0/2/rfout/chai_struct_0/fixed_0.pdb
T10_7_0_3_rfout_chai_struct_1_output,trials/T10_ant3HFM_body4NCO/7/0/3/rfout/chai_struct_1/fixed_0.pdb
T10_7_0_3_rfout_chai_struct_0_output,trials/T10_ant3HFM_body4NCO/7/0/3/rfout/chai_struct_0/fixed_0.pdb
T10_7_0_6_rfout_chai_struct_0_output,trials/T10_ant3HFM_body4NCO/7/0/6/rfout/chai_struct_0/fixed_0.pdb
T10_7_0_1_rfout_chai_struct_1_output,trials/T10_ant3HFM_body4NCO/7/0/1/rfout/chai_struct_1/fixed_0.pdb
T10_7_0_1_rfout_chai_struct_0_output,trials/T10_ant3HFM_body4NCO/7/0/1/rfout/chai_struct_0/fixed_0.pdb
T10_4_0_4_rfout_chai_struct_1_output,trials/T10_ant3HFM_body4NCO/4/0/4/rfout/chai_struct_1/fixed_0.pdb
T10_4_0_4_rfout_chai_struct_0_output,trials/T10_ant3HFM_body4NCO/4/0/4/rfout/chai_struct_0/fixed_0.pdb
T10_4_0_5_rfout_chai_struct_1_output,trials/T10_ant3HFM_body4NCO/4/0/5/rfout/chai_struct_1/fixed_0.pdb
T10_4_0_5_rfout_chai_struct_0_output,trials/T10_ant3HFM_body4NCO/4/0/5/rfout/chai_struct_0/fixed_0.pdb
T10_4_0_2_rfout_chai_struct_1_output,trials/T10_ant3HFM_body4NCO/4/0/2/rfout/chai_struct_1/fixed_0.pdb
T10_4_0_2_rfout_chai_struct_0_output,trials/T10_ant3HFM_body4NCO/4/0/2/rfout/chai_struct_0/fixed_0.pdb
T10_4_0_3_rfout_chai_struct_1_output,trials/T10_ant3HFM_body4NCO/4/0/3/rfout/chai_struct_1/fixed_0.pdb
T10_4_0_3_rfout_chai_struct_0_output,trials/T10_ant3HFM_body4NCO/4/0/3/rfout/chai_struct_0/fixed_0.pdb
T10_4_0_6_rfout_chai_struct_0_output,trials/T10_ant3HFM_body4NCO/4/0/6/rfout/chai_struct_0/fixed_0.pdb
T10_4_0_1_rfout_chai_struct_1_output,trials/T10_ant3HFM_body4NCO/4/0/1/rfout/chai_struct_1/fixed_0.pdb
T10_4_0_1_rfout_chai_struct_0_output,trials/T10_ant3HFM_body4NCO/4/0/1/rfout/chai_struct_0/fixed_0.pdb
T10_5_0_4_rfout_chai_struct_1_output,trials/T10_ant3HFM_body4NCO/5/0/4/rfout/chai_struct_1/fixed_0.pdb
T10_5_0_4_rfout_chai_struct_0_output,trials/T10_ant3HFM_body4NCO/5/0/4/rfout/chai_struct_0/fixed_0.pdb
T10_5_0_5_rfout_chai_struct_1_output,trials/T10_ant3HFM_body4NCO/5/0/5/rfout/chai_struct_1/fixed_0.pdb
T10_5_0_5_rfout_chai_struct_0_output,trials/T10_ant3HFM_body4NCO/5/0/5/rfout/chai_struct_0/fixed_0.pdb
T10_5_0_0_rfout_chai_struct_0_output,trials/T10_ant3HFM_body4NCO/5/0/0/rfout/chai_struct_0/fixed_0.pdb
T10_5_0_2_rfout_chai_struct_1_output,trials/T10_ant3HFM_body4NCO/5/0/2/rfout/chai_struct_1/fixed_0.pdb
T10_5_0_2_rfout_chai_struct_0_output,trials/T10_ant3HFM_body4NCO/5/0/2/rfout/chai_struct_0/fixed_0.pdb
T10_5_0_3_rfout_chai_struct_1_output,trials/T10_ant3HFM_body4NCO/5/0/3/rfout/chai_struct_1/fixed_0.pdb
T10_5_0_3_rfout_chai_struct_0_output,trials/T10_ant3HFM_body4NCO/5/0/3/rfout/chai_struct_0/fixed_0.pdb
T10_5_0_1_rfout_chai_struct_1_output,trials/T10_ant3HFM_body4NCO/5/0/1/rfout/chai_struct_1/fixed_0.pdb
T10_5_0_1_rfout_chai_struct_0_output,trials/T10_ant3HFM_body4NCO/5/0/1/rfout/chai_struct_0/fixed_0.pdb
T10_0_0_4_rfout_chai_struct_1_output,trials/T10_ant3HFM_body4NCO/0/0/4/rfout/chai_struct_1/fixed_0.pdb
T10_0_0_4_rfout_chai_struct_0_output,trials/T10_ant3HFM_body4NCO/0/0/4/rfout/chai_struct_0/fixed_0.pdb
T10_0_0_5_rfout_chai_struct_1_output,trials/T10_ant3HFM_body4NCO/0/0/5/rfout/chai_struct_1/fixed_0.pdb
T10_0_0_5_rfout_chai_struct_0_output,trials/T10_ant3HFM_body4NCO/0/0/5/rfout/chai_struct_0/fixed_0.pdb
T10_0_0_0_rfout_chai_struct_1_output,trials/T10_ant3HFM_body4NCO/0/0/0/rfout/chai_struct_1/fixed_0.pdb
T10_0_0_0_rfout_chai_struct_0_output,trials/T10_ant3HFM_body4NCO/0/0/0/rfout/chai_struct_0/fixed_0.pdb
T10_0_0_2_rfout_chai_struct_1_output,trials/T10_ant3HFM_body4NCO/0/0/2/rfout/chai_struct_1/fixed_0.pdb
T10_0_0_2_rfout_chai_struct_0_output,trials/T10_ant3HFM_body4NCO/0/0/2/rfout/chai_struct_0/fixed_0.pdb
T10_0_0_3_rfout_chai_struct_1_output,trials/T10_ant3HFM_body4NCO/0/0/3/rfout/chai_struct_1/fixed_0.pdb
T10_0_0_3_rfout_chai_struct_0_output,trials/T10_ant3HFM_body4NCO/0/0/3/rfout/chai_struct_0/fixed_0.pdb
T10_0_0_1_rfout_chai_struct_1_output,trials/T10_ant3HFM_body4NCO/0/0/1/rfout/chai_struct_1/fixed_0.pdb
T10_0_0_1_rfout_chai_struct_0_output,trials/T10_ant3HFM_body4NCO/0/0/1/rfout/chai_struct_0/fixed_0.pdb
T10_2_0_4_rfout_chai_struct_1_output,trials/T10_ant3HFM_body4NCO/2/0/4/rfout/chai_struct_1/fixed_0.pdb
T10_2_0_4_rfout_chai_struct_0_output,trials/T10_ant3HFM_body4NCO/2/0/4/rfout/chai_struct_0/fixed_0.pdb
T10_2_0_5_rfout_chai_struct_1_output,trials/T10_ant3HFM_body4NCO/2/0/5/rfout/chai_struct_1/fixed_0.pdb
T10_2_0_5_rfout_chai_struct_0_output,trials/T10_ant3HFM_body4NCO/2/0/5/rfout/chai_struct_0/fixed_0.pdb
T10_2_0_2_rfout_chai_struct_1_output,trials/T10_ant3HFM_body4NCO/2/0/2/rfout/chai_struct_1/fixed_0.pdb
T10_2_0_2_rfout_chai_struct_0_output,trials/T10_ant3HFM_body4NCO/2/0/2/rfout/chai_struct_0/fixed_0.pdb
T10_2_0_3_rfout_chai_struct_1_output,trials/T10_ant3HFM_body4NCO/2/0/3/rfout/chai_struct_1/fixed_0.pdb
T10_2_0_3_rfout_chai_struct_0_output,trials/T10_ant3HFM_body4NCO/2/0/3/rfout/chai_struct_0/fixed_0.pdb
T10_2_0_6_rfout_chai_struct_0_output,trials/T10_ant3HFM_body4NCO/2/0/6/rfout/chai_struct_0/fixed_0.pdb
T10_2_0_1_rfout_chai_struct_1_output,trials/T10_ant3HFM_body4NCO/2/0/1/rfout/chai_struct_1/fixed_0.pdb
T10_2_0_1_rfout_chai_struct_0_output,trials/T10_ant3HFM_body4NCO/2/0/1/rfout/chai_struct_0/fixed_0.pdb
T10_3_0_4_rfout_chai_struct_1_output,trials/T10_ant3HFM_body4NCO/3/0/4/rfout/chai_struct_1/fixed_0.pdb
T10_3_0_4_rfout_chai_struct_0_output,trials/T10_ant3HFM_body4NCO/3/0/4/rfout/chai_struct_0/fixed_0.pdb
T10_3_0_5_rfout_chai_struct_1_output,trials/T10_ant3HFM_body4NCO/3/0/5/rfout/chai_struct_1/fixed_0.pdb
T10_3_0_5_rfout_chai_struct_0_output,trials/T10_ant3HFM_body4NCO/3/0/5/rfout/chai_struct_0/fixed_0.pdb
T10_3_0_2_rfout_chai_struct_1_output,trials/T10_ant3HFM_body4NCO/3/0/2/rfout/chai_struct_1/fixed_0.pdb
T10_3_0_2_rfout_chai_struct_0_output,trials/T10_ant3HFM_body4NCO/3/0/2/rfout/chai_struct_0/fixed_0.pdb
T10_3_0_3_rfout_chai_struct_1_output,trials/T10_ant3HFM_body4NCO/3/0/3/rfout/chai_struct_1/fixed_0.pdb
T10_3_0_3_rfout_chai_struct_0_output,trials/T10_ant3HFM_body4NCO/3/0/3/rfout/chai_struct_0/fixed_0.pdb
T10_3_0_6_rfout_chai_struct_0_output,trials/T10_ant3HFM_body4NCO/3/0/6/rfout/chai_struct_0/fixed_0.pdb
T10_3_0_1_rfout_chai_struct_1_output,trials/T10_ant3HFM_body4NCO/3/0/1/rfout/chai_struct_1/fixed_0.pdb
T10_3_0_1_rfout_chai_struct_0_output,trials/T10_ant3HFM_body4NCO/3/0/1/rfout/chai_struct_0/fixed_0.pdb
T10_6_0_4_rfout_chai_struct_1_output,trials/T10_ant3HFM_body4NCO/6/0/4/rfout/chai_struct_1/fixed_0.pdb
T10_6_0_4_rfout_chai_struct_0_output,trials/T10_ant3HFM_body4NCO/6/0/4/rfout/chai_struct_0/fixed_0.pdb
T10_6_0_5_rfout_chai_struct_1_output,trials/T10_ant3HFM_body4NCO/6/0/5/rfout/chai_struct_1/fixed_0.pdb
T10_6_0_5_rfout_chai_struct_0_output,trials/T10_ant3HFM_body4NCO/6/0/5/rfout/chai_struct_0/fixed_0.pdb
T10_6_0_2_rfout_chai_struct_1_output,trials/T10_ant3HFM_body4NCO/6/0/2/rfout/chai_struct_1/fixed_0.pdb
T10_6_0_2_rfout_chai_struct_0_output,trials/T10_ant3HFM_body4NCO/6/0/2/rfout/chai_struct_0/fixed_0.pdb
T10_6_0_3_rfout_chai_struct_1_output,trials/T10_ant3HFM_body4NCO/6/0/3/rfout/chai_struct_1/fixed_0.pdb
T10_6_0_3_rfout_chai_struct_0_output,trials/T10_ant3HFM_body4NCO/6/0/3/rfout/chai_struct_0/fixed_0.pdb
T10_6_0_6_rfout_chai_struct_1_output,trials/T10_ant3HFM_body4NCO/6/0/6/rfout/chai_struct_1/fixed_0.pdb
T10_6_0_6_rfout_chai_struct_0_output,trials/T10_ant3HFM_body4NCO/6/0/6/rfout/chai_struct_0/fixed_0.pdb
T10_6_0_1_rfout_chai_struct_0_output,trials/T10_ant3HFM_body4NCO/6/0/1/rfout/chai_struct_0/fixed_0.pdb
T10_1_0_4_rfout_chai_struct_1_output,trials/T10_ant3HFM_body4NCO/1/0/4/rfout/chai_struct_1/fixed_0.pdb
T10_1_0_4_rfout_chai_struct_0_output,trials/T10_ant3HFM_body4NCO/1/0/4/rfout/chai_struct_0/fixed_0.pdb
T10_1_0_5_rfout_chai_struct_1_output,trials/T10_ant3HFM_body4NCO/1/0/5/rfout/chai_struct_1/fixed_0.pdb
T10_1_0_5_rfout_chai_struct_0_output,trials/T10_ant3HFM_body4NCO/1/0/5/rfout/chai_struct_0/fixed_0.pdb
T10_1_0_2_rfout_chai_struct_1_output,trials/T10_ant3HFM_body4NCO/1/0/2/rfout/chai_struct_1/fixed_0.pdb
T10_1_0_2_rfout_chai_struct_0_output,trials/T10_ant3HFM_body4NCO/1/0/2/rfout/chai_struct_0/fixed_0.pdb
T10_1_0_3_rfout_chai_struct_1_output,trials/T10_ant3HFM_body4NCO/1/0/3/rfout/chai_struct_1/fixed_0.pdb
T10_1_0_3_rfout_chai_struct_0_output,trials/T10_ant3HFM_body4NCO/1/0/3/rfout/chai_struct_0/fixed_0.pdb
T10_1_0_6_rfout_chai_struct_0_output,trials/T10_ant3HFM_body4NCO/1/0/6/rfout/chai_struct_0/fixed_0.pdb
T10_1_0_1_rfout_chai_struct_1_output,trials/T10_ant3HFM_body4NCO/1/0/1/rfout/chai_struct_1/fixed_0.pdb
T10_1_0_1_rfout_chai_struct_0_output,trials/T10_ant3HFM_body4NCO/1/0/1/rfout/chai_struct_0/fixed_0.pdb
