receptor_id,epitope_id,antigen_sequence,epitope_sequence,heavy_chain,heavy_cdr1,heavy_cdr2,heavy_cdr3,light_chain,light_cdr1,light_cdr2,light_cdr3
27,164136,MRVKGIMRNCQHLWIWGTMLFGMWMICSAVEQLWVTVYYGVPVWKEATTTLFCASDAKAYSTEAHNVWATHACVPTDPNPQEVILGNVTENFNMWKNNMVEQMHEDIISLWDQSLKPCVKLTPLCVTLNCIDKNITDWKNTTIIGGGEVKNCSFNITTSRRDKVHKEYALFYKLDVVPIKGDNNSSRYRLINCNTSVITQACPKVSFEPIPIHYCAPAGFAILKCNDKKFNGTGPCTNVSTVQCTHGIRPVVSTQLLLNGSLAEEEIVIRSENFTDNAKTIIVHLNESVEINCTRPYNNVRRSLSIGPGRAFRTREIIGIIRQAHCNISRAKWNNTLKQIVEKLREQFKNKTIVFNHSSGGDPEIVTHSFNCGGEFFYCNSTQLFNSTWNGTDIKGDNKNSTLITLPCRIKQIINMWQGVGKAMYAPPIQGQIRCSSNITGLLLTRDGGNSSSREEIFRPGGGNMRDNWRSELYKYKVVRIEPLGVAPTKAKRRVVQREKRAVGTIGAMFLGFLGAAGSTMGAGSLTLTVQARQLLSGIVQQQNNLLRAIDAQQHLLQLTVWGIKQLQARVLAVERYLRDQQLLGIWGCSGKLICTTTVPWNASWSNKSMNQIWDNLTWMEWEREIDNYTSIIYSLIEESQNQQGKNEQELLELDKWASLWNWFDITNWLWYIKIFIMIVGGLIGLRIVFTVLSIVNRVRQGYSPLSFQTHLPTPRGPDRPEGIEEEGGERDRDRSVRLVHGFLALIWDDLRSLCLFSYHRLRDLLLIVKRIVELLGRRGWEALKYWWNLLQYWSKELKNSAVGLLNAIAIAVAEGTDRVIEVVQRICRAIIHIPRRIRQGLERALL,['NWFDITNWLWYIK'],QVQLVQSGAEVKRPGSSVTVSCKASGGSFSTYALSWVRQAPGRGLEWMGGVIPLLTITNYAPRFQGRITITADRSTSTAYLELNSLRPEDTAVYYCAREGTTGWGWLGKPIGAFAHWGQGTLVTVSSASTKGPSVFPLAPSSKSTSGGTAALGCLVKDYFPEPVTVSWNSGALTSGVHTFPAVLQSSGLYSLSSVVTVPSSSLGTQTYICNVNHKPSNTKVDKKVEP,GGSFSTYA,VIPLLTIT,AREGTTGWGWLGKPIGAFAH,EIVLTQSPGTQSLSPGERATLSCRASQSVGNNKLAWYQQRPGQAPRLLIYGASSRPSGVADRFSGSGSGTDFTLTISRLEPEDFAVYYCQQYGQSLSTFGQGTKVEVKRTVAAPSVFIFPPSDEQLKSGTASVVCLLNNFYPREAKVQWKVDNALQSGNSQESVTEQDSKDSTYSLSSTLTLSKADYEKHKVYACEVTHQGLSSPVTKSFNRGE,QSVGNNK,GAS,QQYGQSLST
27,164136,MRVKGIMRNCQHLWIWGTMLFGMWMICSAVEQLWVTVYYGVPVWKEATTTLFCASDAKAYSTEAHNVWATHACVPTDPNPQEVILGNVTENFNMWKNNMVEQMHEDIISLWDQSLKPCVKLTPLCVTLNCIDKNITDWKNTTIIGGGEVKNCSFNITTSRRDKVHKEYALFYKLDVVPIKGDNNSSRYRLINCNTSVITQACPKVSFEPIPIHYCAPAGFAILKCNDKKFNGTGPCTNVSTVQCTHGIRPVVSTQLLLNGSLAEEEIVIRSENFTDNAKTIIVHLNESVEINCTRPYNNVRRSLSIGPGRAFRTREIIGIIRQAHCNISRAKWNNTLKQIVEKLREQFKNKTIVFNHSSGGDPEIVTHSFNCGGEFFYCNSTQLFNSTWNGTDIKGDNKNSTLITLPCRIKQIINMWQGVGKAMYAPPIQGQIRCSSNITGLLLTRDGGNSSSREEIFRPGGGNMRDNWRSELYKYKVVRIEPLGVAPTKAKRRVVQREKRAVGTIGAMFLGFLGAAGSTMGAGSLTLTVQARQLLSGIVQQQNNLLRAIDAQQHLLQLTVWGIKQLQARVLAVERYLRDQQLLGIWGCSGKLICTTTVPWNASWSNKSMNQIWDNLTWMEWEREIDNYTSIIYSLIEESQNQQGKNEQELLELDKWASLWNWFDITNWLWYIKIFIMIVGGLIGLRIVFTVLSIVNRVRQGYSPLSFQTHLPTPRGPDRPEGIEEEGGERDRDRSVRLVHGFLALIWDDLRSLCLFSYHRLRDLLLIVKRIVELLGRRGWEALKYWWNLLQYWSKELKNSAVGLLNAIAIAVAEGTDRVIEVVQRICRAIIHIPRRIRQGLERALL,['NWFDITNWLWYIK'],QVQLVQSGAEVKRPGSSVTVSCKASGGSFSTYALSWVRQAPGRGLEWMGGVIPLLTITNYAPRFQGRITITADRSTSTAYLELNSLRPEDTAVYYCAREGTTGWGWLGKPIGAFAHWGQGTLVTVSSASTKGPSVFPLAPSSKSTSGGTAALGCLVKDYFPEPVTVSWNSGALTSGVHTFPAVLQSSGLYSLSSVVTVPSSSLGTQTYICNVNHKPSNTKVDKKVEPK,GGSFSTYA,VIPLLTIT,AREGTTGWGWLGKPIGAFAH,EIVLTQSPGTQSLSPGERATLSCRASQSVGNNKLAWYQQRPGQAPRLLIYGASSRPSGVADRFSGSGSGTDFTLTISRLEPEDFAVYYCQQYGQSLSTFGQGTKVEVKRTVAAPSVFIFPPSDEQLKSGTASVVCLLNNFYPREAKVQWKVDNALQSGNSQESVTEQDSKDSTYSLSSTLTLSKADYEKHKVYACEVTHQGLSSPVTKSFNRGE,QSVGNNK,GAS,QQYGQSLST
27,150874,MRVKGIRKNYQHLWRGGTLLLGMLMICSAVEKLWVTVYYGVPVWKEATTTLFCASDAKAYDTEVHNVWATHACVPTDPNPQEIVLENVTENFNMWKNNMVEQMHEDIISLWDQSLKPCVKLTPLCVTLHCTNLKNATNTKSSNWKEMDRGEIKNCSFKVTTSIRNKMQKEYALFYKLDVVPIDNDNTSYKLINCNTSVITQACPKVSFEPIPIHYCAPAGFAILKCNDKKFNGSGPCTNVSTVQCTHGIRPVVSTQLLLNGSLAEEGVVIRSENFTDNAKTIIVQLKESVEINCTRPNNNTRKSITIGPGRAFYATGDIIGDIRQAHCNISGEKWNNTLKQIVTKLQAQFGNKTIVFKQSSGGDPEIVMHSFNCGGEFFYCNSTQLFNSTWNNTIGPNNTNGTITLPCRIKQIINRWQEVGKAMYAPPIRGQIRCSSNITGLLLTRDGGKEISNTTEIFRPGGGDMRDNWRSELYKYKVVKIEPLGVAPTKAKRRVVQREKRAVTLGAMFLGFLGAAGSTMGARSLTLTVQARQLLSGIVQQQNNLLRAIEAQQHLLQLTVWGIKQLQARVLAVERYLKDQQLLGIWGCSGKLICTTAVPWNASWSNKSLDQIWNNMTWMEWEREIDNYTNLIYTLIEESQNQQEKNEQELLELDKWASLWNWFDISKWLWYIKIFIMIVGGLVGLRIVFTVLSIVNRVRQGYSPLSFQTRFPAPRGPDRPEGIEEEGGERDRDRSSPLVHGLLALIWDDLRSLCLFSYHRLRDLILIAARIVELLGRRGWEALKYWGNLLQYWIQELKNSAVSLFDAIAIAVAEGTDRIIEVAQRIGRAFLHIPRRIRQGFERALL,['NWFDISKWLWYI'],QVQLVQSGAEVKRPGSSVTVSCKASGGSFSTYALSWVRQAPGRGLEWMGGVIPLLTITNYAPRFQGRITITADRSTSTAYLELNSLRPEDTAVYYCAREGTTGWGWLGKPIGAFAHWGQGTLVTVSSASTKGPSVFPLAPSSKSTSGGTAALGCLVKDYFPEPVTVSWNSGALTSGVHTFPAVLQSSGLYSLSSVVTVPSSSLGTQTYICNVNHKPSNTKVDKKVEPKSCDK,GGSFSTYA,VIPLLTIT,AREGTTGWGWLGKPIGAFAH,EIVLTQSPGTQSLSPGERATLSCRASQSVGNNKLAWYQQRPGQAPRLLIYGASSRPSGVADRFSGSGSGTDFTLTISRLEPEDFAVYYCQQYGQSLSTFGQGTKVEVKRTVAAPSVFIFPPSDEQLKSGTASVVCLLNNFYPREAKVQWKVDNALQSGNSQESVTEQDSKDSTYSLSSTLTLSKADYEKHKVYACEVTHQGLSSPVTKSFNRGE,QSVGNNK,GAS,QQYGQSLST
27,175628,QHLLQLTVWGIKQLQARLLAVERYLKDQQLLGIWGCSGRLICTTNVPWNASWSSKSYNEIWDNLTWVEWEREISNYTQQIYSLLEESQNQQEKNEQDLLALDKWASLRNWFDITNWLWYIRMF,['NWFDIT'],QVQLVQSGAEVKRPGSSVTVSCKASGGSFSTYALSWVRQAPGRGLEWMGGVIPLLTITNYAPRFQGRITITADRSTSTAYLELNSLRPEDTAVYYCAREGTTGWGWLGKPIGAFAHWGQGTLVTVSSASTKGPSVFPLAPSSKSTSGGTAALGCLVKDYFPEPVTVSWNSGALTSGVHTFPAVLQSSGLYSLSSVVTVPSSSLGTQTYICNVNHKPSNTKVDKKVEPKSCDK,GGSFSTYA,VIPLLTIT,AREGTTGWGWLGKPIGAFAH,EIVLTQSPGTQSLSPGERATLSCRASQSVGNNKLAWYQQRPGQAPRLLIYGASSRPSGVADRFSGSGSGTDFTLTISRLEPEDFAVYYCQQYGQSLSTFGQGTKVEVKRTVAAPSVFIFPPSDEQLKSGTASVVCLLNNFYPREAKVQWKVDNALQSGNSQESVTEQDSKDSTYSLSSTLTLSKADYEKHKVYACEVTHQGLSSPVTKSFNRGE,QSVGNNK,GAS,QQYGQSLST
27,163068,CSAKEEKKWVTVYYGVPVWKEATTTLFCASDAKAYDTEVHNVWATHACVPTDPNPQEVVLEKVTENFNMWKNNMVEQMHEDIISLWDESLKPCVKLTPLCVTLNCTNLKKNDMKRNDTNATNINWGKMEEGEIKNCSFNVTTRRGNKMQKEYAFFYKLDVVPMNDDNTSYTLINCNTSVITQACPKVSFEPIPIHYCTPAGFAILKCNDKEFNGTGPCTNVSTVQCTHGIRPVVSTQLLLNGSLAEGDVVIRSENFTNNVKTIIVQLNESVEISCIRPNNNTRKSIHLGPGKAFYTTGEIIGDIRQAHCNISSGNWTNTLRQIVEKLKEQFGNKTIVFNQSSGGDPEIVMHNFNCGGEFFYCDSTQLFNSTWNNTEEPSTNEDTIILPCRIKQIINRWQGVGKAMYAPPISGQISCLSKITGLLLTRDGGNKNGTENGTETFRPGGGDMRDNWRSELYRYKVVKIEPLGVAPTKAKRRVVQREKRAVGTIGAMFLGFLGAAGSTMGAASVTLTVQARQLLSGIVQQQNNLLRAIEAQQHLLQLTVWGIKQLQARVLAVERYLRDQQLLGIWGCSGKIICTTSVPWNSSWSNKSLDEIWKNMTWMEWEREIDNYTSLIYTLIEESQIQQEKNEQELLELDKWASLWNWFDITNWLWYIRIFIIIVGGLVGLRIVFTVLSIANRVRQGYSPISFQIRPPVPRGPDRPEGIEEEGGDRDRDRYNHSVPGFFILIWDDLWSLCIFSYHRLRDLLLIVARIVELLGRRGWEALKYWWNLLQYWSQELKKSAISLLNATAIAVAEGTDRIIEVVQRACRAILHIPRRIRQGLERALQ,['NWFDITNWLWYIR'],QVQLVQSGAEVKRPGSSVTVSCKASGGSFSTYALSWVRQAPGRGLEWMGGVIPLLTITNYAPRFQGRITITADRSTSTAYLELNSLRPEDTAVYYCAREGTTGWGWLGKPIGAFAHWGQGTLVTVSSASTKGPSVFPLAPSSKSTSGGTAALGCLVKDYFPEPVTVSWNSGALTSGVHTFPAVLQSSGLYSLSSVVTVPSSSLGTQTYICNVNHKPSNTKVDKKVEPKSCDK,GGSFSTYA,VIPLLTIT,AREGTTGWGWLGKPIGAFAH,EIVLTQSPGTQSLSPGERATLSCRASQSVGNNKLAWYQQRPGQAPRLLIYGASSRPSGVADRFSGSGSGTDFTLTISRLEPEDFAVYYCQQYGQSLSTFGQGTKVEVKRTVAAPSVFIFPPSDEQLKSGTASVVCLLNNFYPREAKVQWKVDNALQSGNSQESVTEQDSKDSTYSLSSTLTLSKADYEKHKVYACEVTHQGLSSPVTKSFNRGE,QSVGNNK,GAS,QQYGQSLST
27,164136,MRVKGIMRNCQHLWIWGTMLFGMWMICSAVEQLWVTVYYGVPVWKEATTTLFCASDAKAYSTEAHNVWATHACVPTDPNPQEVILGNVTENFNMWKNNMVEQMHEDIISLWDQSLKPCVKLTPLCVTLNCIDKNITDWKNTTIIGGGEVKNCSFNITTSRRDKVHKEYALFYKLDVVPIKGDNNSSRYRLINCNTSVITQACPKVSFEPIPIHYCAPAGFAILKCNDKKFNGTGPCTNVSTVQCTHGIRPVVSTQLLLNGSLAEEEIVIRSENFTDNAKTIIVHLNESVEINCTRPYNNVRRSLSIGPGRAFRTREIIGIIRQAHCNISRAKWNNTLKQIVEKLREQFKNKTIVFNHSSGGDPEIVTHSFNCGGEFFYCNSTQLFNSTWNGTDIKGDNKNSTLITLPCRIKQIINMWQGVGKAMYAPPIQGQIRCSSNITGLLLTRDGGNSSSREEIFRPGGGNMRDNWRSELYKYKVVRIEPLGVAPTKAKRRVVQREKRAVGTIGAMFLGFLGAAGSTMGAGSLTLTVQARQLLSGIVQQQNNLLRAIDAQQHLLQLTVWGIKQLQARVLAVERYLRDQQLLGIWGCSGKLICTTTVPWNASWSNKSMNQIWDNLTWMEWEREIDNYTSIIYSLIEESQNQQGKNEQELLELDKWASLWNWFDITNWLWYIKIFIMIVGGLIGLRIVFTVLSIVNRVRQGYSPLSFQTHLPTPRGPDRPEGIEEEGGERDRDRSVRLVHGFLALIWDDLRSLCLFSYHRLRDLLLIVKRIVELLGRRGWEALKYWWNLLQYWSKELKNSAVGLLNAIAIAVAEGTDRVIEVVQRICRAIIHIPRRIRQGLERALL,['NWFDITNWLWYIK'],QVQLVQSGAEVKRPGSSVTVSCKASGGSFSTYALSWVRQAPGRGLEWMGGVIPLLTITNYAPRFQGRITITADRSTSTAYLELNSLRPEDTAVYYCAREGTTGWGWLGKPIGAFAHWGQGTLVTVSSASTKGPSVFPLAPSSKSTSGGTAALGCLVKDYFPEPVTVSWNSGALTSGVHTFPAVLQSSGLYSLSSVVTVPSSSLGTQTYICNVNHKPSNTKVDKKVEPKSCDK,GGSFSTYA,VIPLLTIT,AREGTTGWGWLGKPIGAFAH,EIVLTQSPGTQSLSPGERATLSCRASQSVGNNKLAWYQQRPGQAPRLLIYGASSRPSGVADRFSGSGSGTDFTLTISRLEPEDFAVYYCQQYGQSLSTFGQGTKVEVKRTVAAPSVFIFPPSDEQLKSGTASVVCLLNNFYPREAKVQWKVDNALQSGNSQESVTEQDSKDSTYSLSSTLTLSKADYEKHKVYACEVTHQGLSSPVTKSFNRGE,QSVGNNK,GAS,QQYGQSLST
27,462143,MRVKEKYQHLWRWGWRWGTMLLGMLMICSATEKLWVTVYYGVPVWKEATTTLFCASDAKAYDTEVHNVWATHACVPTDPNPQEVVLVNVTENFNMWKNDMVEQMHEDIISLWDQSLKPCVKLTPLCVSLKCTDLKNDTNTNSSSGRMIMEKGEIKNCSFNISTSIRGKVQKEYAFFYKLDIIPIDNDTTSYKLTSCNTSVITQACPKVSFEPIPIHYCAPAGFAILKCNNKTFNGTGPCTNVSTVQCTHGIRPVVSTQLLLNGSLAEEEVVIRSVNFTDNAKTIIVQLNTSVEINCTRPNNNTRKRIRIQRGPGRAFVTIGKIGNMRQAHCNISRAKWNNTLKQIASKLREQFGNNKTIIFKQSSGGDPEIVTHSFNCGGEFFYCNSTQLFNSTWFNSTWSTEGSNNTEGSDTITLPCRIKQIINMWQKVGKAMYAPPISGQIRCSSNITGLLLTRDGGNSNNESEIFRPGGGDMRDNWRSELYKYKVVKIEPLGVAPTKAKRRVVQREKRAVGIGALFLGFLGAAGSTMGAASMTLTVQARQLLSGIVQQQNNLLRAIEAQQHLLQLTVWGIKQLQARILAVERYLKDQQLLGIWGCSGKLICTTAVPWNASWSNKSLEQIWNHTTWMEWDREINNYTSLIHSLIEESQNQQEKNEQELLELDKWASLWNWFNITNWLWYIKLFIMIVGGLVGLRIVFAVLSIVNRVRQGYSPLSFQTHLPTPRGPDRPEGIEEEGGERDRDRSIRLVNGSLALIWDDLRSLCLFSYHRLRDLLLIVTRIVELLGRRGWEALKYWWNLLQYWSQELKNSAVSLLNATAIAVAEGTDRVIEVVQGACRAIRHIPRRIRQGLERILL,['NWFNITNWLWYIK'],QVQLVQSGAEVKRPGSSVTVSCKASGGSFSTYALSWVRQAPGRGLEWMGGVIPLLTITNYAPRFQGRITITADRSTSTAYLELNSLRPEDTAVYYCAREGTTGWGWLGKPIGAFAHWGQGTLVTVSSASTKGPSVFPLAPSSKSTSGGTAALGCLVKDYFPEPVTVSWNSGALTSGVHTFPAVLQSSGLYSLSSVVTVPSSSLGTQTYICNVNHKPSNTKVDKKVEPKSCDK,GGSFSTYA,VIPLLTIT,AREGTTGWGWLGKPIGAFAH,EIVLTQSPGTQSLSPGERATLSCRASQSVGNNKLAWYQQRPGQAPRLLIYGASSRPSGVADRFSGSGSGTDFTLTISRLEPEDFAVYYCQQYGQSLSTFGQGTKVEVKRTVAAPSVFIFPPSDEQLKSGTASVVCLLNNFYPREAKVQWKVDNALQSGNSQESVTEQDSKDSTYSLSSTLTLSKADYEKHKVYACEVTHQGLSSPVTKSFNRGE,QSVGNNK,GAS,QQYGQSLST
27,164136,MRVKGIMRNCQHLWIWGTMLFGMWMICSAVEQLWVTVYYGVPVWKEATTTLFCASDAKAYSTEAHNVWATHACVPTDPNPQEVILGNVTENFNMWKNNMVEQMHEDIISLWDQSLKPCVKLTPLCVTLNCIDKNITDWKNTTIIGGGEVKNCSFNITTSRRDKVHKEYALFYKLDVVPIKGDNNSSRYRLINCNTSVITQACPKVSFEPIPIHYCAPAGFAILKCNDKKFNGTGPCTNVSTVQCTHGIRPVVSTQLLLNGSLAEEEIVIRSENFTDNAKTIIVHLNESVEINCTRPYNNVRRSLSIGPGRAFRTREIIGIIRQAHCNISRAKWNNTLKQIVEKLREQFKNKTIVFNHSSGGDPEIVTHSFNCGGEFFYCNSTQLFNSTWNGTDIKGDNKNSTLITLPCRIKQIINMWQGVGKAMYAPPIQGQIRCSSNITGLLLTRDGGNSSSREEIFRPGGGNMRDNWRSELYKYKVVRIEPLGVAPTKAKRRVVQREKRAVGTIGAMFLGFLGAAGSTMGAGSLTLTVQARQLLSGIVQQQNNLLRAIDAQQHLLQLTVWGIKQLQARVLAVERYLRDQQLLGIWGCSGKLICTTTVPWNASWSNKSMNQIWDNLTWMEWEREIDNYTSIIYSLIEESQNQQGKNEQELLELDKWASLWNWFDITNWLWYIKIFIMIVGGLIGLRIVFTVLSIVNRVRQGYSPLSFQTHLPTPRGPDRPEGIEEEGGERDRDRSVRLVHGFLALIWDDLRSLCLFSYHRLRDLLLIVKRIVELLGRRGWEALKYWWNLLQYWSKELKNSAVGLLNAIAIAVAEGTDRVIEVVQRICRAIIHIPRRIRQGLERALL,['NWFDITNWLWYIK'],QVQLVQSGAEVKRPGSSVTVSCKASGGSFSTYALSWVRQAPGRGLEWMGGVIPLLTITNYAPRFQGRITITADRSTSTAYLELNSLRPEDTAVYYCAREGTTGWGWLGKPIGAFAHWGQGTLVTVSSASTKGPSVFPLAPSSKSTSGGTAALGCLVKDYFPEPVTVSWNSGALTSGVHTFPAVLQSSGLYSLSSVVTVPSSSLGTQTYICNVNHKPSNTKVDKKVEPKSC,GGSFSTYA,VIPLLTIT,AREGTTGWGWLGKPIGAFAH,EIVLTQSPGTQSLSPGERATLSCRASQSVGNNKLAWYQQRPGQAPRLLIYGASSRPSGVADRFSGSGSGTDFTLTISRLEPEDFAVYYCQQYGQSLSTFGQGTKVEVKRTVAAPSVFIFPPSDEQLKSGTASVVCLLNNFYPREAKVQWKVDNALQSGNSQESVTEQDSKDSTYSLSSTLTLSKADYEKHKVYACEVTHQGLSSPVTKSFNRGEC,QSVGNNK,GAS,QQYGQSLST
170,146624,MKVRGTQMNWPNLWKWGILILGLGIICSASNLWVTVYYGVPVWKEADTTLFCASDAKAYHPEVHNVWATHACVPTDPNPQEINLVNVTENFNVWKNNMVEQMQEDITSLWDQSLKPCVKLTPLCVTLNCTDLNSSNSNSSSSNSSIVSEMKGEIKNCSFNMTTVLRDKKQKVHALFYRLDVVQISNDSQYRLINCNTSAITQACPKVTFEPIPIHYCAPAGFAILKCNDKEFSGKGPCKNVSTVQCTHGIKPVVSTQLLLNGSLAEGNIVIRSENILDNAKTIIVQLDKPVEINCTRPNNNTRTSVRIGPGQSFYYAGGIIGDIRQANCKVNGTKWNQTLQKVATQLREYFNNSTIIFANSTGGDIEITTHSFNCGGEFFYCNTTTLFNSTWDTNSTWNTSISSTGSNDTITIPCRIKQIVNMWQRVGQAMYAPPIRGKIQCKSNITGLLLTRDGGGDNRTNETFRPEGGNMKDNWRSELYKYKVVKLEPLGVAPTQARRRVVQREKRAVGMGALFLGFLGAAGSTMGAASLTLTVQARQLLSGIVQQQSNLLRAIEAQQHMLRLTVWGIKQLQARVLAMERYLKDQQLLGIWGCSGKLICTTTVPWNSSWSNKTYNEIWNNMTWLEWDREINNYTEIIYGLIEESQSQQEKNEQDLLALDKWASLWNWFDITNWLWYIKIFIMIVGGLIGLRIVFTVLNIINRVRQGYSPLSFQTLTHHQRDPDRPEGTEEGGGGQDKTRSVRLVSGFLALAWNDLRNLCLFSYHRLRDLVLIAARTVELLGHSSLKGLRLGWEGLKYLWNLLSYWGRELKNSAINLIDTIAIAVANWTDRVIEIGQRAGRAICNIPRRIRQGFERALQ,['WNWFDITN'],SEVQLLESGPGLLKPSETLSLTCTVSGGSMINYYWSWIRQPPGERPQWLGHIIYGGTTKYNPSLESRITISRDISKNQFSLRLNSVTAADTAIYYCARVAIGVSGFLNYYYYMDVWGSGTAVTVSSASTKGPSVFPLAPSSKSTSGGTAALGCLVKDYFPEPVTVSWNSGALTSGVHTFPAVLQSSGLYSLSSVVTVPSSSLGTQTYICNVNHKPSNTKVDKKVEPKSCDK,GGSMINYY,IIYGGTT,ARVAIGVSGFLNYYYYMDV,ELTQSPATLSLSPGERATLSCRASQSVGRNLGWYQQKPGQAPRLLIYDASNRATGIPARFSGSGSGTDFTLTISSLEPEDFAVYYCQARLLLPQTFGQGTKVEIKRTVAAPSVFIFPPSDEQLKSGTASVVCLLNNFYPREAKVQWKVDNALQSGNSQESVTEQDSKDSTYSLSSTLTLSKADYEKHKVYACEVTHQGLSSPVTKSFNRGEC,QSVGRN,DAS,QARLLLPQT
170,179922,CSAKEEKKWVTVYYGVPVWKEATTTLFCASDAKAYDTEVHNVWATHACVPTDPNPQEVVLEKVTENFNMWKNNMVEQMHEDIISLWDESLKPCVKLTPLCVTLNCTNLKKNDMKRNDTNATNINWGKMEEGEIKNCSFNVTTRRGNKMQKEYAFFYKLDVVPMNDDNTSYTLINCNTSVITQACPKVSFEPIPIHYCTPAGFAILKCNDKEFNGTGPCTNVSTVQCTHGIRPVVSTQLLLNGSLAEGDVVIRSENFTNNVKTIIVQLNESVEISCIRPNNNTRKSIHLGPGKAFYTTGEIIGDIRQAHCNISSGNWTNTLRQIVEKLKEQFGNKTIVFNQSSGGDPEIVMHNFNCGGEFFYCDSTQLFNSTWNNTEEPSTNEDTIILPCRIKQIINRWQGVGKAMYAPPISGQISCLSKITGLLLTRDGGNKNGTENGTETFRPGGGDMRDNWRSELYRYKVVKIEPLGVAPTKAKRRVVQREKRAVGTIGAMFLGFLGAAGSTMGAASVTLTVQARQLLSGIVQQQNNLLRAIEAQQHLLQLTVWGIKQLQARVLAVERYLRDQQLLGIWGCSGKIICTTSVPWNSSWSNKSLDEIWKNMTWMEWEREIDNYTSLIYTLIEESQIQQEKNEQELLELDKWASLWNWFDITNWLWYIRIFIIIVGGLVGLRIVFTVLSIANRVRQGYSPISFQIRPPVPRGPDRPEGIEEEGGDRDRDRYNHSVPGFFILIWDDLWSLCIFSYHRLRDLLLIVARIVELLGRRGWEALKYWWNLLQYWSQELKKSAISLLNATAIAVAEGTDRIIEVVQRACRAILHIPRRIRQGLERALQ,['WASLWNWFDITN'],SEVQLLESGPGLLKPSETLSLTCTVSGGSMINYYWSWIRQPPGERPQWLGHIIYGGTTKYNPSLESRITISRDISKNQFSLRLNSVTAADTAIYYCARVAIGVSGFLNYYYYMDVWGSGTAVTVSSASTKGPSVFPLAPSSKSTSGGTAALGCLVKDYFPEPVTVSWNSGALTSGVHTFPAVLQSSGLYSLSSVVTVPSSSLGTQTYICNVNHKPSNTKVDKKVEPKSCDK,GGSMINYY,IIYGGTT,ARVAIGVSGFLNYYYYMDV,ELTQSPATLSLSPGERATLSCRASQSVGRNLGWYQQKPGQAPRLLIYDASNRATGIPARFSGSGSGTDFTLTISSLEPEDFAVYYCQARLLLPQTFGQGTKVEIKRTVAAPSVFIFPPSDEQLKSGTASVVCLLNNFYPREAKVQWKVDNALQSGNSQESVTEQDSKDSTYSLSSTLTLSKADYEKHKVYACEVTHQGLSSPVTKSFNRGEC,QSVGRN,DAS,QARLLLPQT
170,146624,MKVRGTQMNWPNLWKWGILILGLGIICSASNLWVTVYYGVPVWKEADTTLFCASDAKAYHPEVHNVWATHACVPTDPNPQEINLVNVTENFNVWKNNMVEQMQEDITSLWDQSLKPCVKLTPLCVTLNCTDLNSSNSNSSSSNSSIVSEMKGEIKNCSFNMTTVLRDKKQKVHALFYRLDVVQISNDSQYRLINCNTSAITQACPKVTFEPIPIHYCAPAGFAILKCNDKEFSGKGPCKNVSTVQCTHGIKPVVSTQLLLNGSLAEGNIVIRSENILDNAKTIIVQLDKPVEINCTRPNNNTRTSVRIGPGQSFYYAGGIIGDIRQANCKVNGTKWNQTLQKVATQLREYFNNSTIIFANSTGGDIEITTHSFNCGGEFFYCNTTTLFNSTWDTNSTWNTSISSTGSNDTITIPCRIKQIVNMWQRVGQAMYAPPIRGKIQCKSNITGLLLTRDGGGDNRTNETFRPEGGNMKDNWRSELYKYKVVKLEPLGVAPTQARRRVVQREKRAVGMGALFLGFLGAAGSTMGAASLTLTVQARQLLSGIVQQQSNLLRAIEAQQHMLRLTVWGIKQLQARVLAMERYLKDQQLLGIWGCSGKLICTTTVPWNSSWSNKTYNEIWNNMTWLEWDREINNYTEIIYGLIEESQSQQEKNEQDLLALDKWASLWNWFDITNWLWYIKIFIMIVGGLIGLRIVFTVLNIINRVRQGYSPLSFQTLTHHQRDPDRPEGTEEGGGGQDKTRSVRLVSGFLALAWNDLRNLCLFSYHRLRDLVLIAARTVELLGHSSLKGLRLGWEGLKYLWNLLSYWGRELKNSAINLIDTIAIAVANWTDRVIEIGQRAGRAICNIPRRIRQGFERALQ,['WNWFDITN'],EVQLLESGPGLLKPSETLSLTCTVSGGSMINYYWSWIRQPPGERPQWLGHIIYGGTTKYNPSLESRITISRDISKNQFSLRLNSVTAADTAIYYCARVAIGVSGFLNYYYYMDVWGSGTAVTVSSASTKGPSVFPLAPSSKSTSGGTAALGCLVKDYFPEPVTVSWNSGALTSGVHTFPAVLQSSGLYSLSSVVTVPSSSLGTQTYICNVNHKPSNTKVDKKVEPKSCDK,GGSMINYY,IIYGGTT,ARVAIGVSGFLNYYYYMDV,ELTQSPATLSLSPGERATLSCRASQSVGRNLGWYQQKPGQAPRLLIYDASNRATGIPARFSGSGSGTDFTLTISSLEPEDFAVYYCQARLLLPQTFGQGTKVEIKRTVAAPSVFIFPPSDEQLKSGTASVVCLLNNFYPREAKVQWKVDNALQSGNSQESVTEQDSKDSTYSLSSTLTLSKADYEKHKVYACEVTHQGLSSPVTKSFNRGEC,QSVGRN,DAS,QARLLLPQT
356,150874,MRVKGIRKNYQHLWRGGTLLLGMLMICSAVEKLWVTVYYGVPVWKEATTTLFCASDAKAYDTEVHNVWATHACVPTDPNPQEIVLENVTENFNMWKNNMVEQMHEDIISLWDQSLKPCVKLTPLCVTLHCTNLKNATNTKSSNWKEMDRGEIKNCSFKVTTSIRNKMQKEYALFYKLDVVPIDNDNTSYKLINCNTSVITQACPKVSFEPIPIHYCAPAGFAILKCNDKKFNGSGPCTNVSTVQCTHGIRPVVSTQLLLNGSLAEEGVVIRSENFTDNAKTIIVQLKESVEINCTRPNNNTRKSITIGPGRAFYATGDIIGDIRQAHCNISGEKWNNTLKQIVTKLQAQFGNKTIVFKQSSGGDPEIVMHSFNCGGEFFYCNSTQLFNSTWNNTIGPNNTNGTITLPCRIKQIINRWQEVGKAMYAPPIRGQIRCSSNITGLLLTRDGGKEISNTTEIFRPGGGDMRDNWRSELYKYKVVKIEPLGVAPTKAKRRVVQREKRAVTLGAMFLGFLGAAGSTMGARSLTLTVQARQLLSGIVQQQNNLLRAIEAQQHLLQLTVWGIKQLQARVLAVERYLKDQQLLGIWGCSGKLICTTAVPWNASWSNKSLDQIWNNMTWMEWEREIDNYTNLIYTLIEESQNQQEKNEQELLELDKWASLWNWFDISKWLWYIKIFIMIVGGLVGLRIVFTVLSIVNRVRQGYSPLSFQTRFPAPRGPDRPEGIEEEGGERDRDRSSPLVHGLLALIWDDLRSLCLFSYHRLRDLILIAARIVELLGRRGWEALKYWGNLLQYWIQELKNSAVSLFDAIAIAVAEGTDRIIEVAQRIGRAFLHIPRRIRQGFERALL,['NWFDISKWLWYI'],GSQVQLVQSGAEVKRPGSSVTVSCKASGGSFSTYALSWVRQAPGRGLEWMGGVIPLLTITNYAPRFQGRITITADRSTSTAYLELNSLRPEDTAVYYCAREGTTGAGWLGKPIGAFAHWGQGTLVTVSSLEHHHHHH,GGSFSTYA,VIPLLTIT,AREGTTGAGWLGKPIGAFAH,MAEIVLTQSPGTQSLSPGERATLSCRASQSVGNNKLAWYQQRPGQAPRLLIYGASSRPSGVADRFSGSGSGTDFTLTISRLEPEDFAVYYCQQYGQSLSTFGQGTKVEVKLVPR,QSVGNNK,GAS,QQYGQSLST
356,163068,CSAKEEKKWVTVYYGVPVWKEATTTLFCASDAKAYDTEVHNVWATHACVPTDPNPQEVVLEKVTENFNMWKNNMVEQMHEDIISLWDESLKPCVKLTPLCVTLNCTNLKKNDMKRNDTNATNINWGKMEEGEIKNCSFNVTTRRGNKMQKEYAFFYKLDVVPMNDDNTSYTLINCNTSVITQACPKVSFEPIPIHYCTPAGFAILKCNDKEFNGTGPCTNVSTVQCTHGIRPVVSTQLLLNGSLAEGDVVIRSENFTNNVKTIIVQLNESVEISCIRPNNNTRKSIHLGPGKAFYTTGEIIGDIRQAHCNISSGNWTNTLRQIVEKLKEQFGNKTIVFNQSSGGDPEIVMHNFNCGGEFFYCDSTQLFNSTWNNTEEPSTNEDTIILPCRIKQIINRWQGVGKAMYAPPISGQISCLSKITGLLLTRDGGNKNGTENGTETFRPGGGDMRDNWRSELYRYKVVKIEPLGVAPTKAKRRVVQREKRAVGTIGAMFLGFLGAAGSTMGAASVTLTVQARQLLSGIVQQQNNLLRAIEAQQHLLQLTVWGIKQLQARVLAVERYLRDQQLLGIWGCSGKIICTTSVPWNSSWSNKSLDEIWKNMTWMEWEREIDNYTSLIYTLIEESQIQQEKNEQELLELDKWASLWNWFDITNWLWYIRIFIIIVGGLVGLRIVFTVLSIANRVRQGYSPISFQIRPPVPRGPDRPEGIEEEGGDRDRDRYNHSVPGFFILIWDDLWSLCIFSYHRLRDLLLIVARIVELLGRRGWEALKYWWNLLQYWSQELKKSAISLLNATAIAVAEGTDRIIEVVQRACRAILHIPRRIRQGLERALQ,['NWFDITNWLWYIR'],GSQVQLVQSGAEVKRPGSSVTVSCKASGGSFSTYALSWVRQAPGRGLEWMGGVIPLLTITNYAPRFQGRITITADRSTSTAYLELNSLRPEDTAVYYCAREGTTGAGWLGKPIGAFAHWGQGTLVTVSSLEHHHHHH,GGSFSTYA,VIPLLTIT,AREGTTGAGWLGKPIGAFAH,MAEIVLTQSPGTQSLSPGERATLSCRASQSVGNNKLAWYQQRPGQAPRLLIYGASSRPSGVADRFSGSGSGTDFTLTISRLEPEDFAVYYCQQYGQSLSTFGQGTKVEVKLVPR,QSVGNNK,GAS,QQYGQSLST
524,179864,CSAKEEKKWVTVYYGVPVWKEATTTLFCASDAKAYDTEVHNVWATHACVPTDPNPQEVVLEKVTENFNMWKNNMVEQMHEDIISLWDESLKPCVKLTPLCVTLNCTNLKKNDMKRNDTNATNINWGKMEEGEIKNCSFNVTTRRGNKMQKEYAFFYKLDVVPMNDDNTSYTLINCNTSVITQACPKVSFEPIPIHYCTPAGFAILKCNDKEFNGTGPCTNVSTVQCTHGIRPVVSTQLLLNGSLAEGDVVIRSENFTNNVKTIIVQLNESVEISCIRPNNNTRKSIHLGPGKAFYTTGEIIGDIRQAHCNISSGNWTNTLRQIVEKLKEQFGNKTIVFNQSSGGDPEIVMHNFNCGGEFFYCDSTQLFNSTWNNTEEPSTNEDTIILPCRIKQIINRWQGVGKAMYAPPISGQISCLSKITGLLLTRDGGNKNGTENGTETFRPGGGDMRDNWRSELYRYKVVKIEPLGVAPTKAKRRVVQREKRAVGTIGAMFLGFLGAAGSTMGAASVTLTVQARQLLSGIVQQQNNLLRAIEAQQHLLQLTVWGIKQLQARVLAVERYLRDQQLLGIWGCSGKIICTTSVPWNSSWSNKSLDEIWKNMTWMEWEREIDNYTSLIYTLIEESQIQQEKNEQELLELDKWASLWNWFDITNWLWYIRIFIIIVGGLVGLRIVFTVLSIANRVRQGYSPISFQIRPPVPRGPDRPEGIEEEGGDRDRDRYNHSVPGFFILIWDDLWSLCIFSYHRLRDLLLIVARIVELLGRRGWEALKYWWNLLQYWSQELKKSAISLLNATAIAVAEGTDRIIEVVQRACRAILHIPRRIRQGLERALQ,['NEQELLELDKWASLWNWFDITNWLWYIR'],EVQLVESGGGLVKPGGSLRLSCSASGFDFDNAWMTWVRQPPGKGLEWVGRITGPGEGWSVDYAAPVEGRFTISRLNSINFLYLEMNNLRMEDSGLYFCARTGKYYDFWSGYPPGEEYFQDWGRGTLVTVSSASTKGPSVFPLAPSSKSTSGGTAALGCLVKDYFPEPVTVSWNSGALTSGVHTFPAVLQSSGLYSLSSVVTVPSSSLGTQTYICNVNHKPSNTKVDKRVEPKSCDK,GFDFDNAW,ITGPGEGWSV,ARTGKYYDFWSGYPPGEEYFQD,SYELTQETGVSVALGRTVTITCRGDSLRSHYASWYQKKPGQAPILLFYGKNNRPSGVPDRFSGSASGNRASLTISGAQAEDDAEYYCSSRDKSGSRLSVFGGGTKLTVLSQPKAAPSVTLFPPSSEELQANKATLVCLISDFYPGAVTVAWKADSSPVKAGVETTTPSKQSNNKYAASSYLSLTPEQWKSHRSYSCQVTHEGSTVEKTVAPTECS,SLRSHY,GKN,SSRDKSGSRLSV
695,226168,MIVKGIRKNYQHLWRWGTMLLGMLMICSATEQLWVTVYYGVPVWKEATTTLFCASNAKAYDTEAHNVWATYACVPTDPNPQEVVLENVTEEFNMWKNNMVDQMHEDIISLWEQSLKPCVQLTPLCVTLNCTEMRNNTNNNTTSSNNVTDSEWSRDMRNCSFNITTSIKNKVQQKYAMFYKLDVVQIKDDNNITSYRLISCNTSVITQACPKINFDPIPIHYCAPAGFAILKCRDNKFNGTGPCTNVSTVQCTHGIRPVVSTQLLLNGSLAEEGIVIRSENLTNNAKTIIVQLKEAVQINCTRPNNNTRRSINMGPGRAFFTTGDVIGDIRQAHCNISKAKWNDTLKQIAKKLGEKFIGKTIAFKNSSGGDIEIEMHSFNCGGEFFYCNTTQLFNSTWNSTNWNNTEKSNSTEVITLPCRIKQIINMWQKVGKAMYAPPIAGQINCSSSITGLILTRDGGDNSTNNTEIFRPVGGDMRDNWRSELYKYKVVRIEPLGVAPTRARRRVVQREKRAIGLGAVFIGFLGASGSTMGAASVTLTVQARQLLSGIVQQQNNLLKAIEAQQHMLQLTVWGIKQLQARVLAVERYLKDQQLLGLWGCSGKLICTTAVPWNTSWSNKSYTQIWDNMTWMQWEKEIDNYTTFIYTLIEESQNQQERNEQELLELDKWASLWSWFDITKWLWYIKIFIMVVAGLVGLRIVFVVLSVVNRVRKGYSPLSFQTRLPAQRGPDRPEGIEEEGGERDRDRSERLVDGFLAIIWVDLRSLFLFIYHRLRDLLLIVTRSVELLGRRGWEILKYWWNLLQYWSQELKNSAVSLFNTIAIAVAEGTDRIIEVLQRTGRAILHIPTRIRQGLERLLL,['EQELLELDKWASLW'],QVQLVQSGAEVKKPGESLKISCKVSGYNFASEWIGWVRQMPGKGLEWMGIIYPGDSDTKYSPSFQGQVIISADKSINTAYLQWSSLKASDTAIYYCARQNHYGSGSYFYRTAYYYAMDVWGQGTTVTVSSASTKGPSVFPLAPSSKSTSGGTAALGCLVKDYFPEPVTVSWNSGALTSGVHTFPAVLQSSGLYSLSSVVTVPSSSLGTQTYICNVNHKPSNTKVDKKVEPKSCD,GYNFASEW,IYPGDSDT,ARQNHYGSGSYFYRTAYYYAMDV,DIQLTQSPSSLSASLGDKVTITCRASQHIKKYLNWYQQKPGKAPKLLIYGALNLQSGVPSRFSGRGSGTDFTLTISSLQPEDFATYYCQQSYSTPFTFGPGTKVDIKRTVAAPSVFIFPPSDEQLKSGTASVVCLLNNFYPREAKVQWKVDNALQSGNSQESVTEQDSKDSTYSLSSTLTLSKADYEKHKVYACEVTHQGLSSPVTKSFNRGE,QHIKKY,GAL,QQSYSTPFT
824,233363,MRVKGIRKNYQHLWKGGILLLGTLMICSAVEKLWVTVYYGVPVWKETTTTLFCASDAKAYDTEVHNVWATHACVPTDPNPQEVVLENVTEDFNMWKNNMVEQMQEDVINLWDQSLKPCVKLTPLCVTLNCKDVNATNTTSSSEGMMERGEIKNCSFNITKSIRDKVQKEYALFYKLDVVPIDNKNNTKYRLISCNTSVITQACPKVSFEPIPIHYCAPAGFAILKCNNKTFNGKGQCKNVSTVQCTHGIRPVVSTQLLLNGSLAEEKVVIRSDNFTDNAKTIIVQLNESVKINCTRPSNNTRKSIHIGPGRAFYTTGEIIGDIRQAHCNISRAQWNNTLKQIVEKLREQFNNKTIVFTHSSGGDPEIVMHSFNCGGEFFYCNSTQLFNSTWNDTEKSSGTEGNDTIILPCRIKQIINMWQEVGKAMYAPPIKGQIRCSSNITGLLLTRDGGKNESEIEIFRPGGGDMRDNWRSELYKYKVVKIEPLGVAPTKAKRRVVQREKRAVGIGALFLGFLGAAGSTMGARSMTLTVQARQLLSGIVQQQNNLLRAIEAQQHMLQLTVWGIKQLQARVLAVERYLKDQQLMGIWGCSGKLICTTAVPWNTSWSNKSLDSIWNNMTWMEWEKEIENYTNTIYTLIEESQIQQEKNEQELLELDKWASLWNWFGITKWLWYIKIFIMIVGGLIGLRIVFSVLSIVNRVRQGYSPLSFQTLLPATRGPDRPEGIEEEGGERDRDRSGQLVNGFLALIWVDLRSLFLFSYHRLRDLLLTVTRIVELLGRRGWEILKYWWNLLQYWSQELKNSAVSLLNATAIAVAEGTDRIIEVVQRVYRAILHIPTRIRQGLERALL,['GDIR'],QVQLQESGPGLVRPSETLSVTCIVSGGSISNYYWTWIRQSPGKGLEWIGYISDRETTTYNPSLNSRAVISRDTSKNQLSLQLRSVTTADTAIYFCATARRGQRIYGVVSFGEFFYYYYMDVWGKGTAVTVSSASTKGPSVFPLAPSSKSTSGGTAALGCLVKDYFPEPVTVSWNSGALTSGVHTFPAVLQSSGLYSLSSVVTVPSSSLGTQTYICNVNHKPSNTKVDKKVEPKSCD,GGSISNYY,ISDRETT,ATARRGQRIYGVVSFGEFFYYYYMDV,SYVSPLSVALGETARISCGRQALGSRAVQWYQHKPGQAPILLIYNNQDRPSGIPERFSGTPDINFGTTATLTISGVEVGDEADYYCHMWDSRSGFSWSFGGATRLTVLSQPKAAPSVTLFPPSSEELQANKATLVCLISDFYPGAVTVAWKADSSPVKAGVETTTPSKQSNNKYAASSYLSLTPEQWKSHKSYSCQVTHEGSTVEKTVAPTECS,ALGSRA,NNQ,HMWDSRSGFSWS
924,425283,MRVKGIRKNYQHLWKGGILLLGTLMICSAVEKLWVTVYYGVPVWKETTTTLFCASDAKAYDTEVHNVWATHACVPTDPNPQEVVLENVTEDFNMWKNNMVEQMQEDVINLWDQSLKPCVKLTPLCVTLNCKDVNATNTTSSSEGMMERGEIKNCSFNITKSIRDKVQKEYALFYKLDVVPIDNKNNTKYRLISCNTSVITQACPKVSFEPIPIHYCAPAGFAILKCNNKTFNGKGQCKNVSTVQCTHGIRPVVSTQLLLNGSLAEEKVVIRSDNFTDNAKTIIVQLNESVKINCTRPSNNTRKSIHIGPGRAFYTTGEIIGDIRQAHCNISRAQWNNTLKQIVEKLREQFNNKTIVFTHSSGGDPEIVMHSFNCGGEFFYCNSTQLFNSTWNDTEKSSGTEGNDTIILPCRIKQIINMWQEVGKAMYAPPIKGQIRCSSNITGLLLTRDGGKNESEIEIFRPGGGDMRDNWRSELYKYKVVKIEPLGVAPTKAKRRVVQREKRAVGIGALFLGFLGAAGSTMGARSMTLTVQARQLLSGIVQQQNNLLRAIEAQQHMLQLTVWGIKQLQARVLAVERYLKDQQLMGIWGCSGKLICTTAVPWNTSWSNKSLDSIWNNMTWMEWEKEIENYTNTIYTLIEESQIQQEKNEQELLELDKWASLWNWFGITKWLWYIKIFIMIVGGLIGLRIVFSVLSIVNRVRQGYSPLSFQTLLPATRGPDRPEGIEEEGGERDRDRSGQLVNGFLALIWVDLRSLFLFSYHRLRDLLLTVTRIVELLGRRGWEILKYWWNLLQYWSQELKNSAVSLLNATAIAVAEGTDRIIEVVQRVYRAILHIPTRIRQGLERALL,['HIGPGRAFY'],EVQLVGSGGGLIQPGGSLRLSCAASDFSVSEYYMTWVRQAPGKGLEWVAVLYKDGSQFYAPSVKGRFIVSRDNSKNSLYLQMNNLRGEDTAVYFCARENADYGSDYYFGMDVWGQGTAVAVSSASTKGPSVFPLAPSSKSTSGGTAALGCLVKDYFPEPVTVSWNSGALTSSVHTFPAVLQSSGLYSLSSVVTVPSSSLGTQTYICNVNHKPSNTKVDKKAEP,DFSVSEYY,LYKDGSQ,ARENADYGSDYYFGMDV,DIVMNQSPPSLAVTPGEPASISCRASQSLLYSDGHNYLDWYLQKPGQAPQLLIYLGSTRASGVPDRFSGSGSGTDFTLKISRVEAEDVGVYYCMQPLQSYTFGQGTKLEIKRTVAAPSVFIFPPSDEQLKSGTASVVCLLNNFYPREAKVQWKVDNALQSGNSQESVTEQDSKDSTYSLSSTLTLSKADYEKHKVYACEVTHQGLSSPVTKSFNR,QSLLYSDGHNY,LGS,MQPLQSYT
935,433200,MTVKETRKNYQHLWTWGTMLLGILMICSAAEPLWVTVYYGVPVWREATTTLFCASDAKAYDTEVHNVWATHACVPTDPSPQEIPLENVTEKFNMWKNDMVEQMHEDIISLWDQSLKPCVKLTPLCVTLNCTDATKTNNSSGGTKTNNSSGGAVGEGEIKNCSFNITTSMRDKVQKQYALFYKLDVVPIDNNSTNTSYRLISCNTSVITQACPKVSFEPIPIHYCAPAGFAILKCKDKKFNGKGLCKNVSTVQCTHGIRPVVSTQLLLNGSLAEEEVVIRSDNFTNNAKTIIVQLKESVKINCTRPNNNTRKSITIGPGKAFYATXEIIGDIRQAHCNLSRVDWNETLRQIAIKLGEQFKKNTIVFNPSSGGDPEIVMHSFNCGGEFFYCDSTRLFNSTWINGTRNETEGNGSTITLPCKIKQIINLWQEVGKAMYAPPIRGQIRCTSNITGLILTRDGGNNTNETEIFRPGGGDMRDNWRSELYRYKVVKIEPLGVAPTKAKRRVVQREKRAVGIGAVFLGFLGAAGSTMGAASLTLTVQARQLLSGIVQQQSNLLRAIEAQQHLLQLTVWGIKQLQARVLAVERYLTDQQLLGIWGCSGKLICTTAVPWNASWSNKSLEKIWNNMTWREWEREIHNYTKLIYSLIEESQNQQEKNEQELLELDNWASLWNWFDITKWLWYIKIFIIVVGGLVGLRIVFAVISIVTRARQGYSPLSFQTHLPAPRGPDRPEGIEEEGGERDRGRSTRLVHGFLALFWDDLRSLCLFSYHHLRDLLLIVTRIVELLGRRGWEALKYWWNLLQYWGQELQKSAVSLLNATAIAVAEGTDRVLEVLQRAYRAILHIPRRIRQGLEMALL,['WGCSGKLICTT'],METDTLLLWVLLLWVPGSTGDQVQLVQSGGGVFKPGGSLRLSCEASGFTFTEYYMTWVRQAPGKGLEWLAYISKNGEYSKYSPSSNGRFTISRDNAKNSVFLQLDRLSADDTAVYYCARADGLTYFSELLQYIFDLWGQGARVTVSSASTKGPSVFPLAPSSKSTSGGTAALGCLVKDYFPEPVTVSWNSGALTSGVHTFPAVLQSSGLYSLSSVVTVPSSSLGTQTYICNVNHKPSNTKVDKRVEPKSCDK,GFTFTEYY,ISKNGEYS,ARADGLTYFSELLQYIFDL,METDTLLLWVLLLWVPGSTGDDIQMTQSPASLAVPLLLWISGAYGDIVLAQSPDSLAVSPGERATIHCKSSQTLLYSSNNRHSIAWYQQRPGQPPKLLLYWASMRLSGVPDRFSGSGSGTDFTLTINNLQAEDVAIYYCHQYSSHPPTFGHGTRVELRRTVAAPSVFIFPPSDEQLKSGTASVVCLLNNFYPREAKVQWKVDNALQSGNSQESVTEQDSKDSTYSLSSTLTLSKADYEKHKVYACEVTHQGLSSPVTKSFNRGEC,QTLLYSSNNRHS,WAS,HQYSSHPPT
936,434301,MSTNPKPQRKTKRNTNRRPQDVKFPGGGQIVGGVYLLPRRGPRLGVRATRKTSERSQPRGRRQPIPKARRPEGRAWAQPGYPWPLFGNEGMGWAGWLLSPRGSRPSWGPTDPRRRSRNLGKVIDTLTCGFADLMGYIPLVGAPLGGAARALAHGVRVLEDGVNYATGNLPGCSFSIFLLALLSCLTIPASAYEVRNVSGVYHVTNDCSNSSIVYETADMIMHLPGCVPCVSEGNSSRCWVALTPTLAARNASVPTMTLRDHVDLLVGAAAFCSAMYVEDLCGSVLLVSQLFTFSPRRHETVQDCNCSIYPGHITGHRMAWDMMMNWSPTAALVVSQLLRIPQAIVDMVAGAHWGVPAGLAYYSMVGNWAKVLVVMLLFAGVDGKTSLTGVTRARAAARLTALFSSGPSQRIQLINTNGSWHVNRTALNCN,['TGHRMAWDMMM'],EVQLLEQSGAEVKRPGASVKVSCKASGYTFTSYAIHWVRQAPGQRLEWMGWINPGNGNAKYSQRFQGRVIISRDTSATTSYMELSSLTSEDTAVYSCARDRGFDLLTGHYLGLDPWGQGTLVTVSSASTKGPSVFPLAPSSKSTSGGTAALGCLVKDYFPEPVTVSWNSGALTSGVHTFPAVLQSSGLYSLSSVVTVPSSSLGTQTYICNVNHKPSNTKVDKKVEPKSCGS,GYTFTSYA,INPGNGNA,ARDRGFDLLTGHYLGLDP,EIELTLTQPASASATPGQRVTISCSGSSSNIGGNTVNWYQHLPGAAPKLLIHNNDLRPSGVPDRFSGSKSGTSASLAVSGLQSEDEADYFCAAWDDGLNGWVFGGGTKLTVLGQPKAAPSVTLFPPSSEELQANKATLVCLISDFYPGAVTVAWKADSSPVKAGVETTTPSKQSNNKYAASSYLSLTPEQWKSHKSYSCQVTHEGSTVEKTVAPTECS,SSNIGGNT,NND,AAWDDGLNGWV
1005,504110,MSTNPKPQRKTKRNTNRRPQDVKFPGGGQIVGGVYLLPRRGPRLGVRATRKTSERSQPRGRRQPIPKARRPEGRTWAQPGYPWPLYGNEGCGWAGWLLSPRGSRPSWGPTDPRRRSRNLGKVIDTLTCGFADLMGYIPLVGAPLGGAARALAHGVRVLEDGVNYATGNLPGCSFSIFLLALLSCLTVPASAYQVRNSSGLYHVTNDCPNSSVVYEAADAILHTPGCVPCVREGNASRCWVAVTPTVATRDGKLPTTQLRRHIDLLVGSATLCSALYVGDLCGSVFLVGQLFTFSPRHHWTTQDCNCSIYPGHITGHRMAWNMMMNWSPTAALVVAQLLRIPQAIMDMIAGAHWGVLAGIKYFSMVGNWAKVLVVLLLFAGVDAETHVTGGNAGRTTAGLVGLLTPGAKQNIQLINTNGSWHINSTALNCNESLNTGWLAGLFYQHKFNSSGCPERLASCRRLTDFAQGWGPISYANGSGLDERPYCWHYPPRPCGIVPAKSVCGPVYCFTPSPVVVGTTDRSGAPTYSWGANDTDVFVLNNTRPPLGNWFGCTWMNSTGFTKVCGAPPCVIGGVGNNTLLCPTDCFRKYPEATYSRCGSGPRITPRCMVDYPYRLWHYPCTINYTIFKVRMYVGGVEHRLEAACNWTRGERCDLEDRDRSELSPLLLSTTQWQVLPCSFTTLPALSTGLIHLHQNIVDVQYLYGVGSSIASWAIKWEYVVLLFLLLADARVCSCLWMMLLISQAEAALENLVILNAASLAGTHGLVSFLVFFCFAWYLKGRWVPGAVYALYGMWPLLLLLLALPQRAYALDTEVAASCGGVVLVGLMALTLSPYYKRYISWCMWWLQYFLTRVEAQLHVWVPPLNVRGGRDAVILLTCVVHPALVFDITKLLLAIFGPLWILQASLLKVPYFVRVQGLLRICALARKIAGGHYVQMAIIKLGALTGTCVYNHLAPLRDWAHNGLRDLAVAVEPVVFSRMETKLITWGADTAACGDIINGLPVSARRGQEILLGPADGMVSKGWRLLAPITAYAQQTRGLLGCIITSLTGRDKNQVEGEVQIVSTATQTFLATCINGVCWTVYHGAGTRTIASPKGPVIQTYTNVDQDLVGWPAPQGSRSLTPCTCGSSDLYLVTRHADVIPVRRRGDSRGSLLSPRPISYLKGSSGGPLLCPTGHAVGLFRAAVCTRGVAKAVDFIPVENLETTMRSPVFTDNSSPPAVPQSFQVAHLHAPTGSGKSTKVPAAYAAKGYKVLVLNPSVAATLGFGAYMSKAHGVDPNIRTGVRTITTGSPITYSTYGKFLADAGCSGGAYDIIICDECHSTDATSISGIGTVLDQAETAGARLVVLATATPPGSVTVSHPNIEEVALSTTGEIPFYGKAIPLEVIKGGRHLIFCHSKKKCDELAAKLVALGINAVAYYRGLDVSVIPTSGDVVVVSTDALMTGFTGDFDSVIDCNTCVTQTVDFSLDPTFTIETTTLPQDAVSRTQRRGRTGRGKPGIYRFVAPGERPSGMFDSSVLCECYDAGCAWYELTPAETTVRLRAYMNTPGLPVCQDHLGFWEGVFTGLTHIDAHFLSQTKQSGENFPYLVAYQATVCARAQAPPPSWDQMRKCLIRLKPTLHGPTPLLYRLGAVQNEVTLTHPITKYIMTCMSADLEVVTSTWVLVGGVLAALAAYCLSTGCVVIVGRIVLSGKPAIIPDREVLYQEFDEMEECSQHLPYIEQGMMLAEQFKQKALGLLQTASRHAEVITPAVQTNWQKLEVFWAKHMWNFISGIQYLAGLSTLPGNPAIASLMAFTAAVTSPLTTGQTLLFNILGGWVAAQLAAPGAATAFVGAGLAGAALDSVGLGKVLVDILAGYGAGVAGALVAFKIMSGEVPSTEDLVNLLPAILSPGALAVGVVFASILRRRVGPGEGAVQWMNRLIAFASRGNHVSPTHYVPESDAAARVTAILSSLTVTQLLRRLHQWISSECTTPCSGSWLRDIWDWICEVLSDFKTWLKAKLMPQLPGIPFVSCQRGYRGVWRGDGIMHTRCHCGAEITGHVKNGTMRIVGPRTCKNMWSGTFFINAYTTGPCTPLPAPNYKFALWRVSAEEYVEIRRVGDFHYVSGMTTDNLKCPCQIPSPEFFTELDGVRLHRFAPPCKPLLREEVSFRVGLHEYPVGSQLPCEPEPDVAVLTSMLTDPSHITAEAAGRRLARGSPPSMASSSASQLSAPSLKATCTANHDSPDAELIEANLLWRQEMGGNITRVESENKVVILDSFDPLVAEEDEREVSVPAEILRKSRRFAPALPVWARPDYNPLLVETWKKPDYEPPVVHGCPLPPPRSPPVPPPRKKRTVVLTESTLPTALAELATKSFGSSSTSGITGDNTTTSSEPAPSGCPPDSDVESYSSMPPLEGEPGDPDLSDGSWSTVSSGADTEDVVCCSMSYSWTGALVTPCAAEEQKLPINALSNSLLRHHNLVYSTTSRSACQRKKKVTFDRLQVLDSHYQDVLKEVKAAASKVKANLLSVEEACSLAPPHSAKSKFGYGAKDVRCHARKAVAHINSVWKDLLEDSVTPIDTTIMAKNEVFCVQPEKGGRKPARLIVFPDLGVRVCEKMALYDVVSKLPLAVMGSSYGFQYSPGQRVEFLVQAWKSKKTPMGLSYDTRCFDSTVTESDIRTEEAIYQCCDLDPQARVAIKSLTERLYVGGPLTNSRGENCGYRRCRASRVLTTSCGNTLTRYIKARAACRAAGLQDCTMLVCGDDLVVICESAGVQEDAASLRAFTEAMTRYSAPPGDPPQPEYDLELITSCSSNVSVAHDGAGKRVYYLTRDPTTPLARAAWETARHTPVNSWLGNIIMFAPTLWARMILMTHFFSVLIARDQLEQALNCEIYGACYSIEPLDLPPIIQRLHGLSAFSLHSYSPGEINRVAACLRKLGVPPLRAWRHRAWSVRARLLARGGKAAICGKYLFNWAVRTKLKLTPITAAGRLDLSGWFTAGYSGGDIYHSVSHARPRWFWFCLLLLAAGVGIYLLPNR,['NGSWH'],EVQLVQSGGGLVQPGGSLRLSCAASGFTFSSYAMSWVRQAPGKGLEWVSAISGSGGSTYYADSVKGRFTISRDNSKNILYLQMNSLKAEDTATYYCARAVVFTDSSAYYYSKYFDYWSQGTLVTVSSASTKGPSVFPLAPSSKSTSGGTAALGCLVKDYFPEPVTVSWNSGALTSGVHTFPAVLQSSGLYSLSSVVTVPSSSLGTQTYICNVNHKPSNTKVDKKAEPKSCDKLEDDDDKAGWSHPQFEKGGGSGGGSGGGSWSHPQFEK,GFTFSSYA,ISGSGGST,ARAVVFTDSSAYYYSKYFDY,RSSYELTQLPSLSVSLGQTASITCSGDNLGDKFVCWYQQKPGQTPVLVMYEDTKRPSGIPERFAGSNSGNTATLTITGTQAMDEADYYCQTWDSSTDVVFGGGTKLTVLRTVAAPSVFIFPPSDEQLKSGTASVVCLLNNFYPREAKVQWKVDNALQSGNSQESVTEQDSKDSTYSLSSTLTLSKADYEKHKVYACEVTHQGLSSPVTKSFNRGEC,NLGDKF,EDT,QTWDSSTDVV
1043,179864,CSAKEEKKWVTVYYGVPVWKEATTTLFCASDAKAYDTEVHNVWATHACVPTDPNPQEVVLEKVTENFNMWKNNMVEQMHEDIISLWDESLKPCVKLTPLCVTLNCTNLKKNDMKRNDTNATNINWGKMEEGEIKNCSFNVTTRRGNKMQKEYAFFYKLDVVPMNDDNTSYTLINCNTSVITQACPKVSFEPIPIHYCTPAGFAILKCNDKEFNGTGPCTNVSTVQCTHGIRPVVSTQLLLNGSLAEGDVVIRSENFTNNVKTIIVQLNESVEISCIRPNNNTRKSIHLGPGKAFYTTGEIIGDIRQAHCNISSGNWTNTLRQIVEKLKEQFGNKTIVFNQSSGGDPEIVMHNFNCGGEFFYCDSTQLFNSTWNNTEEPSTNEDTIILPCRIKQIINRWQGVGKAMYAPPISGQISCLSKITGLLLTRDGGNKNGTENGTETFRPGGGDMRDNWRSELYRYKVVKIEPLGVAPTKAKRRVVQREKRAVGTIGAMFLGFLGAAGSTMGAASVTLTVQARQLLSGIVQQQNNLLRAIEAQQHLLQLTVWGIKQLQARVLAVERYLRDQQLLGIWGCSGKIICTTSVPWNSSWSNKSLDEIWKNMTWMEWEREIDNYTSLIYTLIEESQIQQEKNEQELLELDKWASLWNWFDITNWLWYIRIFIIIVGGLVGLRIVFTVLSIANRVRQGYSPISFQIRPPVPRGPDRPEGIEEEGGDRDRDRYNHSVPGFFILIWDDLWSLCIFSYHRLRDLLLIVARIVELLGRRGWEALKYWWNLLQYWSQELKKSAISLLNATAIAVAEGTDRIIEVVQRACRAILHIPRRIRQGLERALQ,['NEQELLELDKWASLWNWFDITNWLWYIR'],EVQLVESGGGLVKPGGSLRLSCSASGFDFDNAWMTWVRQPPGKGLEWVGRITGPGEGWSVDYAAPVEGRFTISRLNWINFLYLEMNNLRMEDSGLYFCARTGKYYDFWSGYPPGEEYFQDWGRGTLVTVSSASTKGPSVFPLAPSSKSTSGGTAALGCLVKDYFPEPVTVSWNSGALTSGVHTFPAVLQSSGLYSLSSVVTVPSSSLGTQTYICNVNHKPSNTKVDKKVEPKS,GFDFDNAW,ITGPGEGWSV,ARTGKYYDFWSGYPPGEEYFQD,YELTQETGVSVALGRTVTITCRGDSLRSHYASWYQKKPGQAPILLFYGKNNRPSGVPDRFSGSASGNRASLTISGAQAEDDAEYYCSSRDKSGSRLSVFGGGTKLTVLSQPKAAPSVTLFPPSSEELQANKATLVCLISDFYPGAVTVAWKADSSPVKAGVETTTPSKQSNNKYAASSYLSLTPEQWKSHRSYSCQVTHEGSTVEKTVAPTE,SLRSHY,GKN,SSRDKSGSRLSV
1044,179864,CSAKEEKKWVTVYYGVPVWKEATTTLFCASDAKAYDTEVHNVWATHACVPTDPNPQEVVLEKVTENFNMWKNNMVEQMHEDIISLWDESLKPCVKLTPLCVTLNCTNLKKNDMKRNDTNATNINWGKMEEGEIKNCSFNVTTRRGNKMQKEYAFFYKLDVVPMNDDNTSYTLINCNTSVITQACPKVSFEPIPIHYCTPAGFAILKCNDKEFNGTGPCTNVSTVQCTHGIRPVVSTQLLLNGSLAEGDVVIRSENFTNNVKTIIVQLNESVEISCIRPNNNTRKSIHLGPGKAFYTTGEIIGDIRQAHCNISSGNWTNTLRQIVEKLKEQFGNKTIVFNQSSGGDPEIVMHNFNCGGEFFYCDSTQLFNSTWNNTEEPSTNEDTIILPCRIKQIINRWQGVGKAMYAPPISGQISCLSKITGLLLTRDGGNKNGTENGTETFRPGGGDMRDNWRSELYRYKVVKIEPLGVAPTKAKRRVVQREKRAVGTIGAMFLGFLGAAGSTMGAASVTLTVQARQLLSGIVQQQNNLLRAIEAQQHLLQLTVWGIKQLQARVLAVERYLRDQQLLGIWGCSGKIICTTSVPWNSSWSNKSLDEIWKNMTWMEWEREIDNYTSLIYTLIEESQIQQEKNEQELLELDKWASLWNWFDITNWLWYIRIFIIIVGGLVGLRIVFTVLSIANRVRQGYSPISFQIRPPVPRGPDRPEGIEEEGGDRDRDRYNHSVPGFFILIWDDLWSLCIFSYHRLRDLLLIVARIVELLGRRGWEALKYWWNLLQYWSQELKKSAISLLNATAIAVAEGTDRIIEVVQRACRAILHIPRRIRQGLERALQ,['NEQELLELDKWASLWNWFDITNWLWYIR'],EVRLVESGGGLVKPGGSLRLSCSASGFDFDNAWMTWVRQPPGKGLEWVGRITGPGEGWSVDYAESVKGRFTISRDNTKNTLYLEMNNVRTEDTGYYFCARTGKYYDFWSGYPPGEEYFQDWGQGTLVIVSSASTKGPSVFPLAPSSKSTSGGTAALGCLVKDYFPEPVTVSWNSGALTSGVHTFPAVLQSSGLYSLSSVVTVPSSSLGTQTYICNVNHKPSNTKVDKKVEPKSCDKTHTCPPCPAPELLGGPSVFLFPPKPKDTLMISRTPEVTCVVVDVSHEDPEVKFNWYVDGVEVHNAKTKPREEQYNSTYRVVSVLTVLHQDWLNGKEYKCKVSNKALPAPIEKTISKAKGQPREPQVYTLPPSRDELTKNQVSLTCLVKGFYPSDIAVEWESNGQPENNYKTTPPVLDSDGSFFLYSKLTVDKSRWQQGNVFSCSVMHEALHNHYTQKSLSLSPGK,GFDFDNAW,ITGPGEGWSV,ARTGKYYDFWSGYPPGEEYFQD,ASELTQDPAVSVALKQTVTITCRGDSLRSHYASWYQKKPGQAPVLLFYGKNNRPSGIPDRFSGSASGNRASLTITGAQAEDEADYYCSSRDKSGSRLSVFGGGTKLTVLSQPKAAPSVTLFPPSSEELQANKATLVCLISDFYPGAVTVAWKADSSPVKAGVETTTPSKQSNNKYAASSYLSLTPEQWKSHRSYSCQVTHEGSTVEKTVAPTECS,SLRSHY,GKN,SSRDKSGSRLSV
36458,931784,MGVTGILQLPRDRFKRTSFFLWVIILFQRTFSIPLGVIHNSTLQVSDVDKLVCRDKLSSTNQLRSVGLNLEGNGVATDVPSVTKRWGFRSGVPPKVVNYEAGEWAENCYNLEIKKPDGSECLPAAPDGIRGFPRCRYVHKVSGTGPCAGDFAFHKEGAFFLYDRLASTVIYRGTTFAEGVVAFLILPQAKKDFFSSHPLREPVNATEDLSSGYYSTTIRYQATGFGTNETEYLFEVDNLTYVQLESRFTPQFLLQLNETIYASGKRSNTTGKLIWKVNPEIDTTIGEWAFWETKKNLTRKIRSEELSFTAVSNGPKNISGQSPARTSSDPETNTTNEDHKIMASENSSAMVQVHSQGRKAAVSHLTTLATISTSPQPPTTKTGPDNSTHNTPVYKLDISEATQVGQHHRRADNDSTASETPPATTAAGPLKAENTNTSKSADSLDLATTTSPQNYSETAGNNNTHHQDTGEESASSGKLGLITNTIAGVAGLITGGRRTRREVIVNAQPKCNPNLHYWTTQDEGAAIGLAWIPYFGPAAEGIYTEGLMHNQDGLICGLRQLANETTQALQLFLRATTELRTFSILNRKAIDFLLQRWGGTCHILGPDCCIEPHDWTKNITDKIDQIIHDFVDKTLPDQGDNDNWWTGWRQWIPAGIGVTGVIIAVIALFCICKFVF,['TKNITDKIDQIIHDFVDKTL'],MDWTWRVFCLLAVVPGTHSQVQLVQSGAEVKKPGASVNLSCKGSGYSFRTYYIHWVRQAPGQGLEWMGIINSSGGGTTYAQKFQGRVTMTRDTSTSTVYMELRSLKYEDTAMYYCARDRFPTVSGEPFAMDVWGQGTTVTVSSA,GYSFRTYY,INSSGGGT,ARDRFPTVSGEPFAMDV,MEAPAQLLFLLLLWLPDTTGEVVLTQSPVTLSLSPGERATLSCRASQSVSGYLAWYQQKPGQVPRLLIYDTSNRATGIPARFSGSGSGTDFTLTISTIEPEDFAVYYCQQRSKWGVTFGGGTKVDIKR,QSVSGY,DTS,QQRSKWGVT
36463,932264,MGVTGILQLPRDRFKRTSFFLWVIILFQRTFSIPLGVIHNSTLQVSDVDKLVCRDKLSSTNQLRSVGLNLEGNGVATDVPSVTKRWGFRSGVPPKVVNYEAGEWAENCYNLEIKKPDGSECLPAAPDGIRGFPRCRYVHKVSGTGPCAGDFAFHKEGAFFLYDRLASTVIYRGTTFAEGVVAFLILPQAKKDFFSSHPLREPVNATEDLSSGYYSTTIRYQATGFGTNETEYLFEVDNLTYVQLESRFTPQFLLQLNETIYASGKRSNTTGKLIWKVNPEIDTTIGEWAFWETKKNLTRKIRSEELSFTAVSNGPKNISGQSPARTSSDPETNTTNEDHKIMASENSSAMVQVHSQGRKAAVSHLTTLATISTSPQPPTTKTGPDNSTHNTPVYKLDISEATQVGQHHRRADNDSTASETPPATTAAGPLKAENTNTSKSADSLDLATTTSPQNYSETAGNNNTHHQDTGEESASSGKLGLITNTIAGVAGLITGGRRTRREVIVNAQPKCNPNLHYWTTQDEGAAIGLAWIPYFGPAAEGIYTEGLMHNQDGLICGLRQLANETTQALQLFLRATTELRTFSILNRKAIDFLLQRWGGTCHILGPDCCIEPHDWTKNITDKIDQIIHDFVDKTLPDQGDNDNWWTGWRQWIPAGIGVTGVIIAVIALFCICKFVF,['VDKTLPDQGDNDNWWTGWRQWIPAG'],GGGLIQPGGSLRLSCTASGFTFSKFAMSWVRQAPGRGLEWISYISGGSKTKYYADSVRGRFTISRDNAKGSLFLQMNSLRAEDTAIYFCAKKGWQSTFLGMDYFYGMDVWGKGTTVTVSSAST,GFTFSKFA,ISGGSKTK,AKKGWQSTFLGMDYFYGMDV,PGTLSLSPGERATLSCRASQSVTSNYLAWYQQKPGQAPRVLIYGASSRATGIPDRFSGSGSGTDFTLTISRLEPEDFAVYYCQQFGASPPYSFGQGTKVEIKRT,QSVTSNY,GAS,QQFGASPPYS
36464,26510,MGVTGILQLPRDRFKRTSFFLWVIILFQRTFSIPLGVIHNSTLQVSDVDKLVCRDKLSSTNQLRSVGLNLEGNGVATDVPSVTKRWGFRSGVPPKVVNYEAGEWAENCYNLEIKKPDGSECLPAAPDGIRGFPRCRYVHKVSGTGPCAGDFAFHKEGAFFLYDRLASTVIYRGTTFAEGVVAFLILPQAKKDFFSSHPLREPVNATEDLSSGYYSTTIRYQATGFGTNETEYLFEVDNLTYVQLESRFTPQFLLQLNETIYASGKRSNTTGKLIWKVNPEIDTTIGEWAFWETKKNLTRKIRSEELSFTAVSNGPKNISGQSPARTSSDPETNTTNEDHKIMASENSSAMVQVHSQGRKAAVSHLTTLATISTSPQPPTTKTGPDNSTHNTPVYKLDISEATQVGQHHRRADNDSTASETPPATTAAGPLKAENTNTSKSADSLDLATTTSPQNYSETAGNNNTHHQDTGEESASSGKLGLITNTIAGVAGLITGGRRTRREVIVNAQPKCNPNLHYWTTQDEGAAIGLAWIPYFGPAAEGIYTEGLMHNQDGLICGLRQLANETTQALQLFLRATTELRTFSILNRKAIDFLLQRWGGTCHILGPDCCIEPHDWTKNITDKIDQIIHDFVDKTLPDQGDNDNWWTGWRQWIPAGIGVTGVIIAVIALFCICKFVF,['IIHDFVDKTLPDQGD'],GGGLVKPGGSLRLSCAASGFTFNEYMMNWVRQPPGKGLEWVSSISGTSTYINYADSVKGRFTISRDNAKNSLYLQMNSLRSDDTAMYYCARGSTGGYWGQGTLITVSSAST,GFTFNEYM,ISGTSTYI,ARGSTGGY,PLSSAVTLGQPASISCRSSQRLVHSDGNTYLSWLHQRPGQPPRLLIYKVSLRFSGVPDRFSGSGAGTDFTLKISRVEAEDVGIYYCMQATQFPLTFGGGTKVEIKRT,QRLVHSDGNTY,KVS,MQATQFPLT
36818,952639,MNTQILVFALIAIIPTNADKICLGHHAVSNGTKVNTLTERGVEVVNATETVERTNIPRICSKGKRTVDLGQCGLLGTITGPPQCDQFLEFSADLIIERREGSDVCYPGKFVNEEALRQILRESGGIDKEAMGFTYSGIRTNGATSACRRSGSSFYAEMKWLLSNTDNAAFPQMTKSYKNTRKSPALIVWGIHHSVSTAEQTKLYGSGNKLVTVGSSNYQQSFVPSPGARPQVNGLSGRIDFHWLMLNPNDTVTFSFNGAFIAPDRASFLRGKSMGIQSGVQVDANCEGDCYHSGGTIISNLPFQNIDSRAVGKCPRYVKQRSLLLATGMKNVPEIPKGRGLFGAIAGFIENGWEGLIDGWYGFRHQNAQGEGTAADYKSTQSAIDQITGKLNRLIEKTNQQFELIDNEFNEVEKQIGNVINWTRDSITEVWSYNAELLVAMENQHTIDLADSEMDKLYERVKRQLRENAEEDGTGCFEIFHKCDDDCMASIRNNTYDHSKYREEAMQNRIQIDPVKLSSGYKDVILWFSFGASCFILLAIVMGLVFICVKNGNMRCTICI,['RSGSSFYAEMKWLLSNTDNAAFPQMTK'],QVQLVESGAEVKKPGASVKVSCAGYIFTSYDINWVRQATGQGLEWMGWMNPDSGDTGFAQKFQGRVTMTRNTSITTAYMELSSLTSEDTAVYYCATGNADCSGGSCYNWFDPWGQGTLVTVSS,GYIFTSYD,MNPDSGDT,ATGNADCSGGSCYNWFDP,SSELTQDPAVSVALGQTVRITCQGDRLRSYYASWYQQKPGQAPVLVIYGKNNRPSGIPDRFSGSSSGNTASLTITGAQAEDEADYYCNSRDTSGYHLVFGGGTKLTVLV,RLRSYY,GKN,NSRDTSGYHLV
213902,2151069,MFVFLVLLPLVSSQCVNLTTRTQLPPAYTNSFTRGVYYPDKVFRSSVLHSTQDLFLPFFSNVTWFHAIHVSGTNGTKRFDNPVLPFNDGVYFASTEKSNIIRGWIFGTTLDSKTQSLLIVNNATNVVIKVCEFQFCNDPFLGVYYHKNNKSWMESEFRVYSSANNCTFEYVSQPFLMDLEGKQGNFKNLREFVFKNIDGYFKIYSKHTPINLVRDLPQGFSALEPLVDLPIGINITRFQTLLALHRSYLTPGDSSSGWTAGAAAYYVGYLQPRTFLLKYNENGTITDAVDCALDPLSETKCTLKSFTVEKGIYQTSNFRVQPTESIVRFPNITNLCPFGEVFNATRFASVYAWNRKRISNCVADYSVLYNSASFSTFKCYGVSPTKLNDLCFTNVYADSFVIRGDEVRQIAPGQTGKIADYNYKLPDDFTGCVIAWNSNNLDSKVGGNYNYLYRLFRKSNLKPFERDISTEIYQAGSTPCNGVEGFNCYFPLQSYGFQPTNGVGYQPYRVVVLSFELLHAPATVCGPKKSTNLVKNKCVNFNFNGLTGTGVLTESNKKFLPFQQFGRDIADTTDAVRDPQTLEILDITPCSFGGVSVITPGTNTSNQVAVLYQDVNCTEVPVAIHADQLTPTWRVYSTGSNVFQTRAGCLIGAEHVNNSYECDIPIGAGICASYQTQTNSPRRARSVASQSIIAYTMSLGAENSVAYSNNSIAIPTNFTISVTTEILPVSMTKTSVDCTMYICGDSTECSNLLLQYGSFCTQLNRALTGIAVEQDKNTQEVFAQVKQIYKTPPIKDFGGFNFSQILPDPSKPSKRSFIEDLLFNKVTLADAGFIKQYGDCLGDIAARDLICAQKFNGLTVLPPLLTDEMIAQYTSALLAGTITSGWTFGAGAALQIPFAMQMAYRFNGIGVTQNVLYENQKLIANQFNSAIGKIQDSLSSTASALGKLQDVVNQNAQALNTLVKQLSSNFGAISSVLNDILSRLDKVEAEVQIDRLITGRLQSLQTYVTQQLIRAAEIRASANLAATKMSECVLGQSKRVDFCGKGYHLMSFPQSAPHGVVFLHVTYVPAQEKNFTTAPAICHDGKAHFPREGVFVSNGTHWFVTQRNFYEPQIITTDNTFVSGNCDVVIGIVNNTVYDPLQPELDSFKEELDKYFKNHTSPDVDLGDISGINASVVNIQKEIDRLNEVAKNLNESLIDLQELGKYEQYIKWPWYIWLGFIAGLIAIVMVTIMLCCMTSCCSCLKGCCSCGSCCKFDEDDSEPVLKGVKLHYT,['QPELDSFKEELDKYFKNHTSP'],QVQLVQSGAEVKKPGASVKVSCKASGYTFSSYYMNWVRQAPGQGLEWVGLISPSAGYTAYAQMFQGRVTMTRDTSTSTVYMELSSLRSEDTAVYYCARVAVAGPNDYWGQGTLVTVSS,GYTFSSYY,ISPSAGYT,ARVAVAGPNDY,EIVLTQSPGTLSLSPGERATLSCRASQSISSSYLAWYQQKPGQAPRLVILAASTRATGIPDRFSGSGSGTDFTLTISRLEPEDFALYYCQHYRSSPPLWTFGQGTKVEIR,SQSISSS,LAA,CQHYRSSPPLWT
213903,2151069,MFVFLVLLPLVSSQCVNLTTRTQLPPAYTNSFTRGVYYPDKVFRSSVLHSTQDLFLPFFSNVTWFHAIHVSGTNGTKRFDNPVLPFNDGVYFASTEKSNIIRGWIFGTTLDSKTQSLLIVNNATNVVIKVCEFQFCNDPFLGVYYHKNNKSWMESEFRVYSSANNCTFEYVSQPFLMDLEGKQGNFKNLREFVFKNIDGYFKIYSKHTPINLVRDLPQGFSALEPLVDLPIGINITRFQTLLALHRSYLTPGDSSSGWTAGAAAYYVGYLQPRTFLLKYNENGTITDAVDCALDPLSETKCTLKSFTVEKGIYQTSNFRVQPTESIVRFPNITNLCPFGEVFNATRFASVYAWNRKRISNCVADYSVLYNSASFSTFKCYGVSPTKLNDLCFTNVYADSFVIRGDEVRQIAPGQTGKIADYNYKLPDDFTGCVIAWNSNNLDSKVGGNYNYLYRLFRKSNLKPFERDISTEIYQAGSTPCNGVEGFNCYFPLQSYGFQPTNGVGYQPYRVVVLSFELLHAPATVCGPKKSTNLVKNKCVNFNFNGLTGTGVLTESNKKFLPFQQFGRDIADTTDAVRDPQTLEILDITPCSFGGVSVITPGTNTSNQVAVLYQDVNCTEVPVAIHADQLTPTWRVYSTGSNVFQTRAGCLIGAEHVNNSYECDIPIGAGICASYQTQTNSPRRARSVASQSIIAYTMSLGAENSVAYSNNSIAIPTNFTISVTTEILPVSMTKTSVDCTMYICGDSTECSNLLLQYGSFCTQLNRALTGIAVEQDKNTQEVFAQVKQIYKTPPIKDFGGFNFSQILPDPSKPSKRSFIEDLLFNKVTLADAGFIKQYGDCLGDIAARDLICAQKFNGLTVLPPLLTDEMIAQYTSALLAGTITSGWTFGAGAALQIPFAMQMAYRFNGIGVTQNVLYENQKLIANQFNSAIGKIQDSLSSTASALGKLQDVVNQNAQALNTLVKQLSSNFGAISSVLNDILSRLDKVEAEVQIDRLITGRLQSLQTYVTQQLIRAAEIRASANLAATKMSECVLGQSKRVDFCGKGYHLMSFPQSAPHGVVFLHVTYVPAQEKNFTTAPAICHDGKAHFPREGVFVSNGTHWFVTQRNFYEPQIITTDNTFVSGNCDVVIGIVNNTVYDPLQPELDSFKEELDKYFKNHTSPDVDLGDISGINASVVNIQKEIDRLNEVAKNLNESLIDLQELGKYEQYIKWPWYIWLGFIAGLIAIVMVTIMLCCMTSCCSCLKGCCSCGSCCKFDEDDSEPVLKGVKLHYT,['QPELDSFKEELDKYFKNHTSP'],QVQLVQSGAEAKKPGASVKVSCKASGYSFTSYHMHWVRQAPGQGLEWMGIINPNGGTTTYAPKFQGRVTMTSDTSTSTVYMELTSLRSEDTAVYYCSTVVGALWGQGTLVIVSS,GYSFTSYH,INPNGGTT,STVVGAL,EIVLTQSPGTLSLSPGERATLSCRASQSVRSNNYLAWYQQKPGQAPRLLIYGASTRATGIPDRFSGSGSGTDFTLTISRLEPEDFAVYYCQQYGSSPLTFGGGTRVEIK,QSVRSNNY,GAS,QQYGSSPLT
213904,2151069,MFVFLVLLPLVSSQCVNLTTRTQLPPAYTNSFTRGVYYPDKVFRSSVLHSTQDLFLPFFSNVTWFHAIHVSGTNGTKRFDNPVLPFNDGVYFASTEKSNIIRGWIFGTTLDSKTQSLLIVNNATNVVIKVCEFQFCNDPFLGVYYHKNNKSWMESEFRVYSSANNCTFEYVSQPFLMDLEGKQGNFKNLREFVFKNIDGYFKIYSKHTPINLVRDLPQGFSALEPLVDLPIGINITRFQTLLALHRSYLTPGDSSSGWTAGAAAYYVGYLQPRTFLLKYNENGTITDAVDCALDPLSETKCTLKSFTVEKGIYQTSNFRVQPTESIVRFPNITNLCPFGEVFNATRFASVYAWNRKRISNCVADYSVLYNSASFSTFKCYGVSPTKLNDLCFTNVYADSFVIRGDEVRQIAPGQTGKIADYNYKLPDDFTGCVIAWNSNNLDSKVGGNYNYLYRLFRKSNLKPFERDISTEIYQAGSTPCNGVEGFNCYFPLQSYGFQPTNGVGYQPYRVVVLSFELLHAPATVCGPKKSTNLVKNKCVNFNFNGLTGTGVLTESNKKFLPFQQFGRDIADTTDAVRDPQTLEILDITPCSFGGVSVITPGTNTSNQVAVLYQDVNCTEVPVAIHADQLTPTWRVYSTGSNVFQTRAGCLIGAEHVNNSYECDIPIGAGICASYQTQTNSPRRARSVASQSIIAYTMSLGAENSVAYSNNSIAIPTNFTISVTTEILPVSMTKTSVDCTMYICGDSTECSNLLLQYGSFCTQLNRALTGIAVEQDKNTQEVFAQVKQIYKTPPIKDFGGFNFSQILPDPSKPSKRSFIEDLLFNKVTLADAGFIKQYGDCLGDIAARDLICAQKFNGLTVLPPLLTDEMIAQYTSALLAGTITSGWTFGAGAALQIPFAMQMAYRFNGIGVTQNVLYENQKLIANQFNSAIGKIQDSLSSTASALGKLQDVVNQNAQALNTLVKQLSSNFGAISSVLNDILSRLDKVEAEVQIDRLITGRLQSLQTYVTQQLIRAAEIRASANLAATKMSECVLGQSKRVDFCGKGYHLMSFPQSAPHGVVFLHVTYVPAQEKNFTTAPAICHDGKAHFPREGVFVSNGTHWFVTQRNFYEPQIITTDNTFVSGNCDVVIGIVNNTVYDPLQPELDSFKEELDKYFKNHTSPDVDLGDISGINASVVNIQKEIDRLNEVAKNLNESLIDLQELGKYEQYIKWPWYIWLGFIAGLIAIVMVTIMLCCMTSCCSCLKGCCSCGSCCKFDEDDSEPVLKGVKLHYT,['QPELDSFKEELDKYFKNHTSP'],QVQLVQSGAEVKKPAASVKVSCKASGDTFSSHYMHWVRQAPGQGPEWMGIINPSGSGTAYGQKFQGRLTMTRDTSTSTVYMELSSLTSDDTAVYYCGGGSGGLFAYWGQGTLVTVSS,GDTFSSHY,INPSGSGT,GGGSGGLFAY,EIVLTQSPGTLSLSPGERATLSCRASQIVRSNYLAWYQQKPGQAPRLLIYGASSRATGTPDRFSGGGSGTDFTLTINRLEPEDFAVYYCLQYDSSPPTYIFGQGTKLEIK,QIVRSNY,GAS,LQYDSSPPTYI
213905,2151069,MFVFLVLLPLVSSQCVNLTTRTQLPPAYTNSFTRGVYYPDKVFRSSVLHSTQDLFLPFFSNVTWFHAIHVSGTNGTKRFDNPVLPFNDGVYFASTEKSNIIRGWIFGTTLDSKTQSLLIVNNATNVVIKVCEFQFCNDPFLGVYYHKNNKSWMESEFRVYSSANNCTFEYVSQPFLMDLEGKQGNFKNLREFVFKNIDGYFKIYSKHTPINLVRDLPQGFSALEPLVDLPIGINITRFQTLLALHRSYLTPGDSSSGWTAGAAAYYVGYLQPRTFLLKYNENGTITDAVDCALDPLSETKCTLKSFTVEKGIYQTSNFRVQPTESIVRFPNITNLCPFGEVFNATRFASVYAWNRKRISNCVADYSVLYNSASFSTFKCYGVSPTKLNDLCFTNVYADSFVIRGDEVRQIAPGQTGKIADYNYKLPDDFTGCVIAWNSNNLDSKVGGNYNYLYRLFRKSNLKPFERDISTEIYQAGSTPCNGVEGFNCYFPLQSYGFQPTNGVGYQPYRVVVLSFELLHAPATVCGPKKSTNLVKNKCVNFNFNGLTGTGVLTESNKKFLPFQQFGRDIADTTDAVRDPQTLEILDITPCSFGGVSVITPGTNTSNQVAVLYQDVNCTEVPVAIHADQLTPTWRVYSTGSNVFQTRAGCLIGAEHVNNSYECDIPIGAGICASYQTQTNSPRRARSVASQSIIAYTMSLGAENSVAYSNNSIAIPTNFTISVTTEILPVSMTKTSVDCTMYICGDSTECSNLLLQYGSFCTQLNRALTGIAVEQDKNTQEVFAQVKQIYKTPPIKDFGGFNFSQILPDPSKPSKRSFIEDLLFNKVTLADAGFIKQYGDCLGDIAARDLICAQKFNGLTVLPPLLTDEMIAQYTSALLAGTITSGWTFGAGAALQIPFAMQMAYRFNGIGVTQNVLYENQKLIANQFNSAIGKIQDSLSSTASALGKLQDVVNQNAQALNTLVKQLSSNFGAISSVLNDILSRLDKVEAEVQIDRLITGRLQSLQTYVTQQLIRAAEIRASANLAATKMSECVLGQSKRVDFCGKGYHLMSFPQSAPHGVVFLHVTYVPAQEKNFTTAPAICHDGKAHFPREGVFVSNGTHWFVTQRNFYEPQIITTDNTFVSGNCDVVIGIVNNTVYDPLQPELDSFKEELDKYFKNHTSPDVDLGDISGINASVVNIQKEIDRLNEVAKNLNESLIDLQELGKYEQYIKWPWYIWLGFIAGLIAIVMVTIMLCCMTSCCSCLKGCCSCGSCCKFDEDDSEPVLKGVKLHYT,['QPELDSFKEELDKYFKNHTSP'],EVQLVESGGGLVQPGRSLTLSCSGSGFTFGDYSMSWVRQAPGKGLEWLGFIRSQTYGGTTQYAASVQGRFTILRDDSKSIAYLQMNSLKTEDTAVYYCTRNYGVGDYWGQGTLVTVSS,GFTFGDYS,IRSQTYGGTT,TRNYGVGDY,DIVMTQSPASLAVSLGERATIHCRSSLSVLNSSNNKNYLAWYQQKAGQPPKLLMYWASTRESGVPERFSGSGSGTDFTLTISSLEAGDVAVYYCQQYYDKLSLTFGGGTKVEIK,LSVLNSSNNKNY,WAS,QQYYDKLSLT
213957,2151069,MFVFLVLLPLVSSQCVNLTTRTQLPPAYTNSFTRGVYYPDKVFRSSVLHSTQDLFLPFFSNVTWFHAIHVSGTNGTKRFDNPVLPFNDGVYFASTEKSNIIRGWIFGTTLDSKTQSLLIVNNATNVVIKVCEFQFCNDPFLGVYYHKNNKSWMESEFRVYSSANNCTFEYVSQPFLMDLEGKQGNFKNLREFVFKNIDGYFKIYSKHTPINLVRDLPQGFSALEPLVDLPIGINITRFQTLLALHRSYLTPGDSSSGWTAGAAAYYVGYLQPRTFLLKYNENGTITDAVDCALDPLSETKCTLKSFTVEKGIYQTSNFRVQPTESIVRFPNITNLCPFGEVFNATRFASVYAWNRKRISNCVADYSVLYNSASFSTFKCYGVSPTKLNDLCFTNVYADSFVIRGDEVRQIAPGQTGKIADYNYKLPDDFTGCVIAWNSNNLDSKVGGNYNYLYRLFRKSNLKPFERDISTEIYQAGSTPCNGVEGFNCYFPLQSYGFQPTNGVGYQPYRVVVLSFELLHAPATVCGPKKSTNLVKNKCVNFNFNGLTGTGVLTESNKKFLPFQQFGRDIADTTDAVRDPQTLEILDITPCSFGGVSVITPGTNTSNQVAVLYQDVNCTEVPVAIHADQLTPTWRVYSTGSNVFQTRAGCLIGAEHVNNSYECDIPIGAGICASYQTQTNSPRRARSVASQSIIAYTMSLGAENSVAYSNNSIAIPTNFTISVTTEILPVSMTKTSVDCTMYICGDSTECSNLLLQYGSFCTQLNRALTGIAVEQDKNTQEVFAQVKQIYKTPPIKDFGGFNFSQILPDPSKPSKRSFIEDLLFNKVTLADAGFIKQYGDCLGDIAARDLICAQKFNGLTVLPPLLTDEMIAQYTSALLAGTITSGWTFGAGAALQIPFAMQMAYRFNGIGVTQNVLYENQKLIANQFNSAIGKIQDSLSSTASALGKLQDVVNQNAQALNTLVKQLSSNFGAISSVLNDILSRLDKVEAEVQIDRLITGRLQSLQTYVTQQLIRAAEIRASANLAATKMSECVLGQSKRVDFCGKGYHLMSFPQSAPHGVVFLHVTYVPAQEKNFTTAPAICHDGKAHFPREGVFVSNGTHWFVTQRNFYEPQIITTDNTFVSGNCDVVIGIVNNTVYDPLQPELDSFKEELDKYFKNHTSPDVDLGDISGINASVVNIQKEIDRLNEVAKNLNESLIDLQELGKYEQYIKWPWYIWLGFIAGLIAIVMVTIMLCCMTSCCSCLKGCCSCGSCCKFDEDDSEPVLKGVKLHYT,['QPELDSFKEELDKYFKNHTSP'],QVQLVQSGAEVKKPGASVKVSCKASGYTFSNFYMNWVRQAPGQGLEWVGLISPSAGYTAYAQMFQGRVTMTRDTSTSTVYMELSSLRSEDTAVYYCARVAVAGPNDYWGQGTLVTVSS,GYTFSNFY,ISPSAGYT,ARVAVAGPNDY,EIVLTQSPGTLSLSPGERATLSCRASQSISSSYLAWYQQKPGQAPRLVIFAASTRATGIPDRFSGSGSGTDFTLTITRLEPEDFALYYCQHYRSSPPLWTFGQGTKVEIR,SQSISSS,FAA,CQHYRSSPPLWT
213958,2151069,MFVFLVLLPLVSSQCVNLTTRTQLPPAYTNSFTRGVYYPDKVFRSSVLHSTQDLFLPFFSNVTWFHAIHVSGTNGTKRFDNPVLPFNDGVYFASTEKSNIIRGWIFGTTLDSKTQSLLIVNNATNVVIKVCEFQFCNDPFLGVYYHKNNKSWMESEFRVYSSANNCTFEYVSQPFLMDLEGKQGNFKNLREFVFKNIDGYFKIYSKHTPINLVRDLPQGFSALEPLVDLPIGINITRFQTLLALHRSYLTPGDSSSGWTAGAAAYYVGYLQPRTFLLKYNENGTITDAVDCALDPLSETKCTLKSFTVEKGIYQTSNFRVQPTESIVRFPNITNLCPFGEVFNATRFASVYAWNRKRISNCVADYSVLYNSASFSTFKCYGVSPTKLNDLCFTNVYADSFVIRGDEVRQIAPGQTGKIADYNYKLPDDFTGCVIAWNSNNLDSKVGGNYNYLYRLFRKSNLKPFERDISTEIYQAGSTPCNGVEGFNCYFPLQSYGFQPTNGVGYQPYRVVVLSFELLHAPATVCGPKKSTNLVKNKCVNFNFNGLTGTGVLTESNKKFLPFQQFGRDIADTTDAVRDPQTLEILDITPCSFGGVSVITPGTNTSNQVAVLYQDVNCTEVPVAIHADQLTPTWRVYSTGSNVFQTRAGCLIGAEHVNNSYECDIPIGAGICASYQTQTNSPRRARSVASQSIIAYTMSLGAENSVAYSNNSIAIPTNFTISVTTEILPVSMTKTSVDCTMYICGDSTECSNLLLQYGSFCTQLNRALTGIAVEQDKNTQEVFAQVKQIYKTPPIKDFGGFNFSQILPDPSKPSKRSFIEDLLFNKVTLADAGFIKQYGDCLGDIAARDLICAQKFNGLTVLPPLLTDEMIAQYTSALLAGTITSGWTFGAGAALQIPFAMQMAYRFNGIGVTQNVLYENQKLIANQFNSAIGKIQDSLSSTASALGKLQDVVNQNAQALNTLVKQLSSNFGAISSVLNDILSRLDKVEAEVQIDRLITGRLQSLQTYVTQQLIRAAEIRASANLAATKMSECVLGQSKRVDFCGKGYHLMSFPQSAPHGVVFLHVTYVPAQEKNFTTAPAICHDGKAHFPREGVFVSNGTHWFVTQRNFYEPQIITTDNTFVSGNCDVVIGIVNNTVYDPLQPELDSFKEELDKYFKNHTSPDVDLGDISGINASVVNIQKEIDRLNEVAKNLNESLIDLQELGKYEQYIKWPWYIWLGFIAGLIAIVMVTIMLCCMTSCCSCLKGCCSCGSCCKFDEDDSEPVLKGVKLHYT,['QPELDSFKEELDKYFKNHTSP'],QVQLVQSGAEVKKPGASVMLSCRASGYTFINDYMHWVRQAPGEGFEWMGIINPTGDGTKFAQKFQGRVTMTRDSSTTTVHMELRSLTSGDTAVYFCATGGRQSAFDIWGQGTVVIVSS,GYTFINDY,INPTGDGT,ATGGRQSAFDI,DIVMTQSPLSLPVTPGESASISCRSSQSLLQNNGYNYLDWYLQKPGQSPQLLIYLGSYRASGVPDRFSGSGSGTDFTLKISRVEAEDVGVYYCVQAQQAPPLYTFGQGTKLQIK,SQSLLQNNGYN,YLG,CVQAQQAPPLYT
213959,2151069,MFVFLVLLPLVSSQCVNLTTRTQLPPAYTNSFTRGVYYPDKVFRSSVLHSTQDLFLPFFSNVTWFHAIHVSGTNGTKRFDNPVLPFNDGVYFASTEKSNIIRGWIFGTTLDSKTQSLLIVNNATNVVIKVCEFQFCNDPFLGVYYHKNNKSWMESEFRVYSSANNCTFEYVSQPFLMDLEGKQGNFKNLREFVFKNIDGYFKIYSKHTPINLVRDLPQGFSALEPLVDLPIGINITRFQTLLALHRSYLTPGDSSSGWTAGAAAYYVGYLQPRTFLLKYNENGTITDAVDCALDPLSETKCTLKSFTVEKGIYQTSNFRVQPTESIVRFPNITNLCPFGEVFNATRFASVYAWNRKRISNCVADYSVLYNSASFSTFKCYGVSPTKLNDLCFTNVYADSFVIRGDEVRQIAPGQTGKIADYNYKLPDDFTGCVIAWNSNNLDSKVGGNYNYLYRLFRKSNLKPFERDISTEIYQAGSTPCNGVEGFNCYFPLQSYGFQPTNGVGYQPYRVVVLSFELLHAPATVCGPKKSTNLVKNKCVNFNFNGLTGTGVLTESNKKFLPFQQFGRDIADTTDAVRDPQTLEILDITPCSFGGVSVITPGTNTSNQVAVLYQDVNCTEVPVAIHADQLTPTWRVYSTGSNVFQTRAGCLIGAEHVNNSYECDIPIGAGICASYQTQTNSPRRARSVASQSIIAYTMSLGAENSVAYSNNSIAIPTNFTISVTTEILPVSMTKTSVDCTMYICGDSTECSNLLLQYGSFCTQLNRALTGIAVEQDKNTQEVFAQVKQIYKTPPIKDFGGFNFSQILPDPSKPSKRSFIEDLLFNKVTLADAGFIKQYGDCLGDIAARDLICAQKFNGLTVLPPLLTDEMIAQYTSALLAGTITSGWTFGAGAALQIPFAMQMAYRFNGIGVTQNVLYENQKLIANQFNSAIGKIQDSLSSTASALGKLQDVVNQNAQALNTLVKQLSSNFGAISSVLNDILSRLDKVEAEVQIDRLITGRLQSLQTYVTQQLIRAAEIRASANLAATKMSECVLGQSKRVDFCGKGYHLMSFPQSAPHGVVFLHVTYVPAQEKNFTTAPAICHDGKAHFPREGVFVSNGTHWFVTQRNFYEPQIITTDNTFVSGNCDVVIGIVNNTVYDPLQPELDSFKEELDKYFKNHTSPDVDLGDISGINASVVNIQKEIDRLNEVAKNLNESLIDLQELGKYEQYIKWPWYIWLGFIAGLIAIVMVTIMLCCMTSCCSCLKGCCSCGSCCKFDEDDSEPVLKGVKLHYT,['QPELDSFKEELDKYFKNHTSP'],QVQLVQSGAEVKKPGASVRVSCKTSGYTFTNYYMTWVRQAPGQGLQWVGLISPSAGYTAYAQMFQGRVTMTSDTSTSTVYMQLSSLRSEDTAIYYCTRVAVAGPNDYWGQGTLVTVSS,GYTFTNYY,ISPSAGYT,TRVAVAGPNDY,EIVLTQSPGTLSLSPGERATLSCRASQSISGSYLAWYQQKPGQAPRLVIYAASSRATGIPDRFSGSGSGTDFILTISRLEAEDFAVYFCQHYRSSPPLWTFGQGTKVEIR,SQSISGS,YAA,CQHYRSSPPLWT
213960,2151069,MFVFLVLLPLVSSQCVNLTTRTQLPPAYTNSFTRGVYYPDKVFRSSVLHSTQDLFLPFFSNVTWFHAIHVSGTNGTKRFDNPVLPFNDGVYFASTEKSNIIRGWIFGTTLDSKTQSLLIVNNATNVVIKVCEFQFCNDPFLGVYYHKNNKSWMESEFRVYSSANNCTFEYVSQPFLMDLEGKQGNFKNLREFVFKNIDGYFKIYSKHTPINLVRDLPQGFSALEPLVDLPIGINITRFQTLLALHRSYLTPGDSSSGWTAGAAAYYVGYLQPRTFLLKYNENGTITDAVDCALDPLSETKCTLKSFTVEKGIYQTSNFRVQPTESIVRFPNITNLCPFGEVFNATRFASVYAWNRKRISNCVADYSVLYNSASFSTFKCYGVSPTKLNDLCFTNVYADSFVIRGDEVRQIAPGQTGKIADYNYKLPDDFTGCVIAWNSNNLDSKVGGNYNYLYRLFRKSNLKPFERDISTEIYQAGSTPCNGVEGFNCYFPLQSYGFQPTNGVGYQPYRVVVLSFELLHAPATVCGPKKSTNLVKNKCVNFNFNGLTGTGVLTESNKKFLPFQQFGRDIADTTDAVRDPQTLEILDITPCSFGGVSVITPGTNTSNQVAVLYQDVNCTEVPVAIHADQLTPTWRVYSTGSNVFQTRAGCLIGAEHVNNSYECDIPIGAGICASYQTQTNSPRRARSVASQSIIAYTMSLGAENSVAYSNNSIAIPTNFTISVTTEILPVSMTKTSVDCTMYICGDSTECSNLLLQYGSFCTQLNRALTGIAVEQDKNTQEVFAQVKQIYKTPPIKDFGGFNFSQILPDPSKPSKRSFIEDLLFNKVTLADAGFIKQYGDCLGDIAARDLICAQKFNGLTVLPPLLTDEMIAQYTSALLAGTITSGWTFGAGAALQIPFAMQMAYRFNGIGVTQNVLYENQKLIANQFNSAIGKIQDSLSSTASALGKLQDVVNQNAQALNTLVKQLSSNFGAISSVLNDILSRLDKVEAEVQIDRLITGRLQSLQTYVTQQLIRAAEIRASANLAATKMSECVLGQSKRVDFCGKGYHLMSFPQSAPHGVVFLHVTYVPAQEKNFTTAPAICHDGKAHFPREGVFVSNGTHWFVTQRNFYEPQIITTDNTFVSGNCDVVIGIVNNTVYDPLQPELDSFKEELDKYFKNHTSPDVDLGDISGINASVVNIQKEIDRLNEVAKNLNESLIDLQELGKYEQYIKWPWYIWLGFIAGLIAIVMVTIMLCCMTSCCSCLKGCCSCGSCCKFDEDDSEPVLKGVKLHYT,['QPELDSFKEELDKYFKNHTSP'],QVLLVQSGAEVKKPGASVMVSCKASGYILNNYYMHWVRQAPGHGLEWMGIINPSGDGTRYAQKFQGRVTMTRDSSTTSIHMELRRVTSEDTAVYYCARGGSQSAFDMWGQGTVVLVSS,GYILNNYY,INPSGDGT,ARGGSQSAFDM,DIVMTQSPRSLPVTPGESASISCRSSQSLLQKNGYNYLDWYVQKPGQSPQLLIYLGSYRASGVPDRISGSGSGTDFTLKINRVEAEDVGVYYCLQAQQAPPLYTFGQGTKLQIE,QSLLQKNGYNY,LGS,LQAQQAPPLYT
218346,2162558,MFVFLVLLPLVSSQCVNLTTRTQLPPAYTNSFTRGVYYPDKVFRSSVLHSTQDLFLPFFSNVTWFHAIHVSGTNGTKRFDNPVLPFNDGVYFASTEKSNIIRGWIFGTTLDSKTQSLLIVNNATNVVIKVCEFQFCNDPFLGVYYHKNNKSWMESEFRVYSSANNCTFEYVSQPFLMDLEGKQGNFKNLREFVFKNIDGYFKIYSKHTPINLVRDLPQGFSALEPLVDLPIGINITRFQTLLALHRSYLTPGDSSSGWTAGAAAYYVGYLQPRTFLLKYNENGTITDAVDCALDPLSETKCTLKSFTVEKGIYQTSNFRVQPTESIVRFPNITNLCPFGEVFNATRFASVYAWNRKRISNCVADYSVLYNSASFSTFKCYGVSPTKLNDLCFTNVYADSFVIRGDEVRQIAPGQTGKIADYNYKLPDDFTGCVIAWNSNNLDSKVGGNYNYLYRLFRKSNLKPFERDISTEIYQAGSTPCNGVEGFNCYFPLQSYGFQPTNGVGYQPYRVVVLSFELLHAPATVCGPKKSTNLVKNKCVNFNFNGLTGTGVLTESNKKFLPFQQFGRDIADTTDAVRDPQTLEILDITPCSFGGVSVITPGTNTSNQVAVLYQDVNCTEVPVAIHADQLTPTWRVYSTGSNVFQTRAGCLIGAEHVNNSYECDIPIGAGICASYQTQTNSPRRARSVASQSIIAYTMSLGAENSVAYSNNSIAIPTNFTISVTTEILPVSMTKTSVDCTMYICGDSTECSNLLLQYGSFCTQLNRALTGIAVEQDKNTQEVFAQVKQIYKTPPIKDFGGFNFSQILPDPSKPSKRSFIEDLLFNKVTLADAGFIKQYGDCLGDIAARDLICAQKFNGLTVLPPLLTDEMIAQYTSALLAGTITSGWTFGAGAALQIPFAMQMAYRFNGIGVTQNVLYENQKLIANQFNSAIGKIQDSLSSTASALGKLQDVVNQNAQALNTLVKQLSSNFGAISSVLNDILSRLDKVEAEVQIDRLITGRLQSLQTYVTQQLIRAAEIRASANLAATKMSECVLGQSKRVDFCGKGYHLMSFPQSAPHGVVFLHVTYVPAQEKNFTTAPAICHDGKAHFPREGVFVSNGTHWFVTQRNFYEPQIITTDNTFVSGNCDVVIGIVNNTVYDPLQPELDSFKEELDKYFKNHTSPDVDLGDISGINASVVNIQKEIDRLNEVAKNLNESLIDLQELGKYEQYIKWPWYIWLGFIAGLIAIVMVTIMLCCMTSCCSCLKGCCSCGSCCKFDEDDSEPVLKGVKLHYT,['ELDSFKEELDKYFKNHTSPD'],QVQLVQSGAEVKKPGASVKVSCRASENIFSDSYLHWVRQAPGQGLEWMGIITPSGDKTFYAQQFQGRLTMTRDTPTNTLHMDLRGLTSADTAIYYCARQATKGGWDYWGQGTLVTVSS,ENIFSDSY,ITPSGDKT,ARQATKGGWDY,EIVLTQSPGTLSLSPGESATLSCRASQSVTRNYLAWYQQQPGQAPRLLIYGASNRATGVPDRFSGSGSGTDFTLTISRLEPEDFAVYYCQQYGSSPPTFIFGPGTKVDIK,QSVTRNY,GAS,QQYGSSPPTFI
218349,2162558,MFVFLVLLPLVSSQCVNLTTRTQLPPAYTNSFTRGVYYPDKVFRSSVLHSTQDLFLPFFSNVTWFHAIHVSGTNGTKRFDNPVLPFNDGVYFASTEKSNIIRGWIFGTTLDSKTQSLLIVNNATNVVIKVCEFQFCNDPFLGVYYHKNNKSWMESEFRVYSSANNCTFEYVSQPFLMDLEGKQGNFKNLREFVFKNIDGYFKIYSKHTPINLVRDLPQGFSALEPLVDLPIGINITRFQTLLALHRSYLTPGDSSSGWTAGAAAYYVGYLQPRTFLLKYNENGTITDAVDCALDPLSETKCTLKSFTVEKGIYQTSNFRVQPTESIVRFPNITNLCPFGEVFNATRFASVYAWNRKRISNCVADYSVLYNSASFSTFKCYGVSPTKLNDLCFTNVYADSFVIRGDEVRQIAPGQTGKIADYNYKLPDDFTGCVIAWNSNNLDSKVGGNYNYLYRLFRKSNLKPFERDISTEIYQAGSTPCNGVEGFNCYFPLQSYGFQPTNGVGYQPYRVVVLSFELLHAPATVCGPKKSTNLVKNKCVNFNFNGLTGTGVLTESNKKFLPFQQFGRDIADTTDAVRDPQTLEILDITPCSFGGVSVITPGTNTSNQVAVLYQDVNCTEVPVAIHADQLTPTWRVYSTGSNVFQTRAGCLIGAEHVNNSYECDIPIGAGICASYQTQTNSPRRARSVASQSIIAYTMSLGAENSVAYSNNSIAIPTNFTISVTTEILPVSMTKTSVDCTMYICGDSTECSNLLLQYGSFCTQLNRALTGIAVEQDKNTQEVFAQVKQIYKTPPIKDFGGFNFSQILPDPSKPSKRSFIEDLLFNKVTLADAGFIKQYGDCLGDIAARDLICAQKFNGLTVLPPLLTDEMIAQYTSALLAGTITSGWTFGAGAALQIPFAMQMAYRFNGIGVTQNVLYENQKLIANQFNSAIGKIQDSLSSTASALGKLQDVVNQNAQALNTLVKQLSSNFGAISSVLNDILSRLDKVEAEVQIDRLITGRLQSLQTYVTQQLIRAAEIRASANLAATKMSECVLGQSKRVDFCGKGYHLMSFPQSAPHGVVFLHVTYVPAQEKNFTTAPAICHDGKAHFPREGVFVSNGTHWFVTQRNFYEPQIITTDNTFVSGNCDVVIGIVNNTVYDPLQPELDSFKEELDKYFKNHTSPDVDLGDISGINASVVNIQKEIDRLNEVAKNLNESLIDLQELGKYEQYIKWPWYIWLGFIAGLIAIVMVTIMLCCMTSCCSCLKGCCSCGSCCKFDEDDSEPVLKGVKLHYT,['ELDSFKEELDKYFKNHTSPD'],EVQLLESGGGLVQPGGSLRLSCAASGFMFSKYAMTWVRQTPGKGLEWVSVISGGGGSTYYADSVKGRFTISRDNSKNTLYLQMNSLRAEDTAVYYCAKLLVVFVIDYWGQGALVTVSS,GFMFSKYA,ISGGGGST,AKLLVVFVIDY,EIVLTQSPGTLSLSPGERATLFCRASQSVSSNLAWYQQKPGRAPRLLISGASSRATGIPDRFSGSGSGTDFTLTISRLEPEDFAVYYCQQYGSSPPTFGQGTKVEIK,QSVSSN,GAS,QQYGSSPPT
218435,2175751,MFVFLVLLPLVSSQCVNLTTRTQLPPAYTNSFTRGVYYPDKVFRSSVLHSTQDLFLPFFSNVTWFHAIHVSGTNGTKRFDNPVLPFNDGVYFASTEKSNIIRGWIFGTTLDSKTQSLLIVNNATNVVIKVCEFQFCNDPFLGVYYHKNNKSWMESEFRVYSSANNCTFEYVSQPFLMDLEGKQGNFKNLREFVFKNIDGYFKIYSKHTPINLVRDLPQGFSALEPLVDLPIGINITRFQTLLALHRSYLTPGDSSSGWTAGAAAYYVGYLQPRTFLLKYNENGTITDAVDCALDPLSETKCTLKSFTVEKGIYQTSNFRVQPTESIVRFPNITNLCPFGEVFNATRFASVYAWNRKRISNCVADYSVLYNSASFSTFKCYGVSPTKLNDLCFTNVYADSFVIRGDEVRQIAPGQTGKIADYNYKLPDDFTGCVIAWNSNNLDSKVGGNYNYLYRLFRKSNLKPFERDISTEIYQAGSTPCNGVEGFNCYFPLQSYGFQPTNGVGYQPYRVVVLSFELLHAPATVCGPKKSTNLVKNKCVNFNFNGLTGTGVLTESNKKFLPFQQFGRDIADTTDAVRDPQTLEILDITPCSFGGVSVITPGTNTSNQVAVLYQDVNCTEVPVAIHADQLTPTWRVYSTGSNVFQTRAGCLIGAEHVNNSYECDIPIGAGICASYQTQTNSPRRARSVASQSIIAYTMSLGAENSVAYSNNSIAIPTNFTISVTTEILPVSMTKTSVDCTMYICGDSTECSNLLLQYGSFCTQLNRALTGIAVEQDKNTQEVFAQVKQIYKTPPIKDFGGFNFSQILPDPSKPSKRSFIEDLLFNKVTLADAGFIKQYGDCLGDIAARDLICAQKFNGLTVLPPLLTDEMIAQYTSALLAGTITSGWTFGAGAALQIPFAMQMAYRFNGIGVTQNVLYENQKLIANQFNSAIGKIQDSLSSTASALGKLQDVVNQNAQALNTLVKQLSSNFGAISSVLNDILSRLDKVEAEVQIDRLITGRLQSLQTYVTQQLIRAAEIRASANLAATKMSECVLGQSKRVDFCGKGYHLMSFPQSAPHGVVFLHVTYVPAQEKNFTTAPAICHDGKAHFPREGVFVSNGTHWFVTQRNFYEPQIITTDNTFVSGNCDVVIGIVNNTVYDPLQPELDSFKEELDKYFKNHTSPDVDLGDISGINASVVNIQKEIDRLNEVAKNLNESLIDLQELGKYEQYIKWPWYIWLGFIAGLIAIVMVTIMLCCMTSCCSCLKGCCSCGSCCKFDEDDSEPVLKGVKLHYT,['PSKRSFIEDLLFNKVTLADA'],EVQLVESGGGLVKPGGSLRLSCAGTGFIFSDAWMTWVRQAPGKGLEWVGRIKSKADGGTTDYAAPVKGRFTISRDDSKNTLYLEINSLKTEDTAVYYCTTGRSRYCIGAVCYYFDHWGQGTLVTVSS,GFIFSDAW,IKSKADGGTT,TTGRSRYCIGAVCYYFDH,DIVMTQSPLSLPVTPGEPASISCRSSQSLLHSNGYNYLDWYLQKPGQSPQLLIYLGSNRASGVPDRFSGSGSGTDFTLKISRVGAEDVGVYYCTQTLQTPYTFGQGTKLEIK,SQSLLHSNGYN,YLG,CTQTLQTPYT
